ORF,GSM840072,GSM840073,GSM840074
TTHA0359,5937.31,5014.99,6884.65
TTHA0360,147.947,141.932,168.187
TTHA0361,267.763,184.677,241.845
TTHA0362,100.181,88.1322,104.092
TTHA0362,124.929,93.3907,103.917
TTHA0363,280.211,196.565,294.015
TTHA0364,1928.13,1554.9,2226.1
TTHA0365,1901.73,1728.76,2442.0
TTHA0366,1259.24,1238.16,1727.22
TTHA0367,589.641,493.891,725.158
TTHA0368,791.507,676.518,975.772
TTHA0369,274.289,263.702,341.108
TTHA0371,153.55,167.099,226.198
TTHA0372,44.4639,48.836,67.1642
TTHA0373,446.073,387.637,546.734
TTHA0374,641.007,464.09,635.677
TTHA0376,126.655,114.106,161.591
TTHA0377,206.171,174.077,260.833
TTHA0378,81.4741,58.7843,68.1015
TTHA0379,2165.94,1923.04,2698.2
TTHA0380,208.201,185.959,242.132
TTHA0382,99.4506,87.1117,117.339
TTHA0383,468.15,445.587,590.094
TTHA0384,611.374,510.36,746.939
TTHA0385,594.305,517.517,674.603
TTHA0386,1378.16,1099.16,1838.98
TTHA0387,857.277,767.012,1168.27
TTHA0388,1350.05,1250.47,1914.81
TTHA0389,690.863,610.063,1001.65
TTHA0390,172.814,105.927,180.397
TTHA0391,116.627,106.938,169.193
TTHA0392,370.93,334.874,353.288
TTHA0393,316.563,248.85,346.266
TTHA0402,61.9304,74.9703,96.971
TTHA0404,463.961,382.368,624.3
TTHA0407,319.83,268.834,423.825
TTHA0408,482.678,397.977,637.467
TTHA0409,635.247,589.932,874.714
TTHA0410,526.169,447.281,968.577
TTHA0424,77.6395,66.0178,123.42
TTHA0425,232.905,217.03,330.727
TTHA0428,601.875,553.015,807.108
TTHA0429,238.571,277.247,366.865
TTHA0430,364.928,302.918,430.376
TTHA0432,362.807,385.293,562.467
TTHA0434,140.495,103.967,194.374
TTHA0439,465.453,337.77,458.368
TTHA0440,233.322,179.256,203.17
TTHA0447,183.19,187.184,294.373
TTHA0448,200.726,224.81,323.68
TTHA0449,198.756,162.783,279.872
TTHA0450,114.768,155.73,237.724
TTHA0451,626.846,534.829,869.792
TTHA0452,544.039,551.543,778.802
TTHA0453,20.9599,18.1002,22.2858
TTHA0454,7.80062,9.39435,11.763
TTHA0455,146.039,150.592,213.935
TTHA0456,99.1448,119.714,212.588
TTHA0457,244.6,209.809,281.863
TTHA0458,198.459,192.534,206.815
TTHA0459,341.932,311.032,439.663
TTHA0460,436.327,390.421,635.733
TTHA0461,245.095,265.994,300.938
TTHA0462,811.887,907.575,1363.88
TTHA0463,112.007,118.443,166.791
TTHA0469,1160.17,1223.64,1883.48
TTHA0470,348.656,341.831,456.094
TTHA0471,179.373,166.904,205.29
TTHA0472,1055.41,1025.16,1498.99
TTHA0473,1438.14,1300.08,1868.89
TTHA0474,921.736,750.861,1127.39
TTHA0475,315.107,353.4,460.784
TTHA0476,1469.83,1110.68,1267.03
TTHA0477,997.649,948.577,1704.49
TTHA0481,416.535,339.153,535.632
TTHA0482,143.087,179.01,226.833
TTHA0483,287.344,257.139,376.138
TTHA0485,678.076,605.777,955.539
TTHA0489,258.32,237.863,371.035
TTHA0490,530.172,542.93,827.6
TTHA0491,322.938,287.069,490.606
TTHA0492,953.592,913.061,1302.14
TTHA0493,492.997,380.311,592.087
TTHA0496,1971.26,1820.57,2730.12
TTHA0507,50.0605,47.9243,50.0479
TTHA0508,367.323,297.575,426.809
TTHA0508,345.619,336.02,482.571
TTHA0509,282.744,212.055,316.17
TTHA0515,87.6512,77.9759,111.413
TTHA0516,394.294,351.631,550.871
TTHA0519,840.63,741.785,1057.4
TTHA0520,792.593,841.567,1237.65
TTHA0521,431.469,347.711,468.64
TTHA0522,499.493,422.909,642.832
TTHA0523,313.687,279.599,380.818
TTHA0524,887.051,927.812,1305.19
TTHA0525,876.437,804.51,1102.14
TTHA0526,476.119,488.557,743.712
TTHA0529,43.2651,44.7949,52.5955
TTHA0529,68.3938,48.1892,93.5398
TTHA0530,297.353,330.857,491.171
TTHA0534,468.572,406.938,576.49
TTHA0535,462.58,368.236,543.085
TTHA0539,822.228,676.003,999.982
TTHA0543,643.576,617.73,886.252
TTHA0544,983.992,1022.1,1499.26
TTHA0545,841.076,739.226,1125.36
TTHA0547,590.391,495.279,746.725
TTHA0548,396.322,362.22,563.279
TTHA0551,4572.22,3932.0,5152.34
TTHA0552,6314.13,5363.99,7167.92
TTHA0553,4022.92,3271.94,4519.63
TTHA0554,230.879,164.69,327.981
TTHA0555,354.612,290.419,411.671
TTHA0556,190.968,165.473,217.629
TTHA0559,281.688,236.829,343.395
TTHA0562,344.611,269.74,412.992
TTHA0563,314.467,283.823,338.643
TTHA0564,368.374,333.699,579.392
TTHA0566,894.606,827.596,1265.47
TTHA0568,84.8896,57.3306,94.7857
TTHA0569,509.799,462.122,658.299
TTHA0570,161.755,156.964,232.423
TTHA0572,200.453,161.981,235.546
TTHA0573,393.313,338.023,517.542
TTHA0574,202.849,197.27,275.56
TTHA0575,340.905,344.253,472.531
TTHA0581,20.3609,19.4873,45.2207
TTHA0582,172.066,113.03,217.481
TTHA0584,69.9082,63.1236,103.303
TTHA0592,501.907,393.164,600.805
TTHA0592,467.03,416.331,547.08
TTHA0594,251.17,186.145,332.41
TTHA0597,111.935,97.1167,123.457
TTHA0602,175.235,144.179,239.898
TTHA0607,26.2896,25.605,47.9321
TTHA0613,306.357,293.245,571.978
TTHA0614,1788.9,1751.36,2354.94
TTHA0615,1707.01,1490.52,2124.15
TTHA0616,909.163,821.815,1164.34
TTHA0618,426.76,418.573,673.508
TTHA0620,81.1414,53.4645,72.578
TTHA0621,86.0279,53.6797,57.6338
TTHA0622,288.039,256.473,451.369
TTHA0625,737.951,642.987,859.673
TTHA0626,266.928,245.738,426.01
TTHA0628,1362.68,1379.08,1898.57
TTHA0634,497.016,413.402,597.628
TTHA0635,184.634,128.707,191.486
TTHA0636,281.466,278.557,398.567
TTHA0637,415.407,356.609,487.518
TTHA0638,149.274,145.545,186.813
TTHA0638,201.499,158.434,227.312
TTHA0646,175.518,149.043,237.118
TTHA0651,228.425,223.554,308.982
TTHA0652,290.623,259.958,399.957
TTHA0654,1118.25,924.07,1413.52
TTHA0655,298.886,227.809,336.978
TTHA0656,398.237,345.373,451.699
TTHA0657,330.615,286.778,405.571
TTHA0657,234.323,215.722,312.325
TTHA0658,62.4155,68.9851,104.671
TTHA0658,72.0668,64.063,71.4141
TTHA0660,204.008,139.52,249.6
TTHA0662,57.1522,56.0613,97.7313
TTHA0663,33.7773,29.1616,39.5297
TTHA0665,74.9187,64.9519,136.422
TTHA0674,99.8086,127.835,123.587
TTHA0676,32.9511,27.9683,37.8676
TTHA0677,16.5942,9.28052,13.9726
TTHA0678,45.4855,41.1216,47.4222
TTHA0679,37.7703,38.2302,53.2607
TTHA0680,27.0503,24.6572,51.0511
TTHA0690,27.7127,20.1067,37.4384
TTHA0691,32.9452,25.6229,18.5822
TTHA0692,21.0533,4.08079,23.726
TTHA0696,5.50012,3.16287,5.42057
TTHA0703,654.439,581.609,881.176
TTHA0704,1624.2,1556.5,2367.85
TTHA0705,388.909,291.667,452.886
TTHA0706,3656.43,3500.97,4634.35
TTHA0707,2405.58,2306.98,3337.74
TTHA0713,974.41,811.6,1173.33
TTHA0720,272.042,202.683,299.294
TTHA0721,137.575,117.359,186.209
TTHA0722,1151.17,1093.8,1358.28
TTHA0723,540.189,512.823,710.466
TTHA0724,1325.93,1212.28,1925.95
TTHA0725,270.619,320.122,491.218
TTHA0734,858.305,888.906,1320.92
TTHA0735,357.788,359.33,535.973
TTHA0739,406.777,389.137,551.265
TTHA0746,893.561,846.257,1258.16
TTHA0747,254.362,215.995,245.157
TTHA0748,55.1467,67.6582,90.3274
TTHA0749,44.2416,47.933,83.288
TTHA0750,1140.03,1010.3,1587.49
TTHA0751,256.435,233.594,352.927
TTHA0752,146.081,110.061,184.564
TTHA0755,70.9172,64.914,65.1974
TTHA0756,186.94,178.952,277.447
TTHA0765,50.2867,58.0746,83.9333
TTHA0766,141.744,96.9588,187.821
TTHA0767,118.131,106.697,181.19
TTHA0768,146.57,110.281,180.688
TTHA0772,4.58491,4.77873,13.2967
TTHA0773,33.3277,31.8879,48.1796
TTHA0774,25.8948,25.3544,41.6376
TTHA0775,173.35,109.252,115.752
TTHA0776,38.9268,32.307,49.7194
TTHA0777,52.5888,39.2531,60.7958
TTHA0779,127.577,131.51,196.115
TTHA0791,61.9056,55.8257,109.937
TTHA0794,1049.62,886.451,1431.44
TTHA0796,349.345,357.35,476.703
TTHA0797,117.989,114.247,160.207
TTHA0798,459.671,406.497,597.472
TTHA0808,230.734,205.75,301.128
TTHA0809,613.962,563.214,732.308
TTHA0810,506.079,480.669,696.631
TTHA0811,210.563,182.023,230.524
TTHA0812,218.245,167.29,249.992
TTHA0828,450.554,406.384,637.644
TTHA0829,1077.91,1048.71,1648.28
TTHA0831,226.571,149.413,208.338
TTHA0832,816.048,715.677,969.065
TTHA0833,592.157,524.116,810.26
TTHA0838,849.295,812.643,1189.55
TTHA0839,316.84,384.782,450.235
TTHA0840,93.5059,98.2721,162.339
TTHA0848,117.857,95.687,166.313
TTHA0849,414.456,395.001,704.113
TTHA0850,3059.99,3024.46,3939.47
TTHA0851,685.652,649.495,889.264
TTHA0852,767.207,647.06,908.823
TTHA0853,245.133,244.123,358.432
TTHA0865,199.516,151.267,245.911
TTHA0866,144.993,112.214,184.777
TTHA0869,147.345,161.053,192.623
TTHA0878,62.2433,29.0097,43.54
TTHA0881,101.742,92.9045,146.771
TTHA0889,261.536,247.165,292.309
TTHA0890,236.805,163.569,244.52
TTHA0891,93.1084,75.3698,121.321
TTHA0892,195.841,175.338,258.577
TTHA0894,295.714,225.395,449.593
TTHA0895,389.417,286.296,409.005
TTHA0896,1675.07,1600.68,2444.38
TTHA0897,1205.99,1010.34,1614.94
TTHA0905,1343.39,1242.01,1729.08
TTHA0906,316.704,329.871,476.315
TTHA0907,416.58,389.459,614.785
TTHA0908,343.913,248.408,357.408
TTHA0908,288.76,315.995,503.136
TTHA0909,1056.1,1005.47,1292.42
TTHA0910,1236.63,1125.45,1579.28
TTHA0926,48.5174,43.8432,80.5655
TTHA0928,375.957,327.791,532.064
TTHA0929,385.751,383.763,547.993
TTHA0930,568.982,505.2,746.713
TTHA0935,190.595,139.418,254.488
TTHA0952,422.168,351.196,508.119
TTHA0953,353.685,339.703,542.309
TTHA0954,731.635,712.78,1078.91
TTHA0955,334.728,270.727,372.544
TTHA0957,215.667,207.226,361.758
TTHA0958,168.216,163.016,234.922
TTHA0959,287.345,232.939,340.4
TTHA0960,195.016,192.162,257.652
TTHA0961,93.9353,82.815,107.225
TTHA0962,107.023,127.29,187.859
TTHA0963,46.756,34.603,50.2097
TTHA0964,61.5934,45.0277,72.9944
TTHA0964,68.3246,63.9166,83.3909
TTHA0964,56.4574,57.2071,94.9936
TTHA0965,37.1566,53.5252,93.5257
TTHA0966,117.19,110.462,143.793
TTHA0967,55.8186,75.5881,86.4134
TTHA0981,34.9851,22.9434,35.9735
TTHA0986,222.126,129.833,256.405
TTHA0987,191.748,152.134,164.544
TTHA0989,301.973,280.228,380.284
TTHA0991,68.5257,69.0509,72.8356
TTHA0993,47.3607,55.8148,63.972
TTHA0994,2240.76,1796.54,2816.16
TTHA0995,1772.44,1544.07,2037.82
TTHA0997,85.08,45.4119,69.4513
TTHA1002,58.7771,74.9461,96.8522
TTHA1003,47.1921,39.3561,61.4167
TTHA1004,84.377,63.753,115.525
TTHA1005,58.285,35.4827,49.1121
TTHA1006,65.706,69.8226,83.6886
TTHA1007,87.717,61.6437,88.1645
TTHA1008,69.3213,65.1645,97.1
TTHA1009,120.676,207.849,208.524
TTHA1009,141.023,216.52,245.296
TTHA1010,58.3536,35.7476,51.3644
TTHA1010,235.689,224.581,350.946
TTHA1010,97.5999,85.5641,77.5452
TTHA1011,57.0359,49.0213,59.6737
TTHA1012,317.458,251.258,393.859
TTHA1021,38.0994,14.8149,24.5145
TTHA1022,40.6045,28.5493,13.6233
TTHA1023,187.072,103.379,93.7385
TTHA1024,5.32538,17.0324,16.3421
TTHA1025,53.8004,25.175,26.2376
TTHA1025,129.012,98.9489,139.308
TTHA1025,14.2971,18.3045,26.8147
TTHA1027,114.281,138.86,194.879
TTHA1028,5231.64,4581.27,6394.53
TTHA1030,249.752,189.0,307.831
TTHA1050,74.1468,49.2131,91.2205
TTHA1051,257.34,203.101,319.1
TTHA1052,158.569,116.342,202.456
TTHA1053,184.148,151.937,260.177
TTHA1054,306.126,220.375,317.518
TTHA1056,714.684,619.858,916.638
TTHA1057,629.165,596.062,928.056
TTHA1058,725.055,679.157,897.803
TTHA1067,276.143,238.487,409.474
TTHA1068,352.041,326.727,543.404
TTHA1069,374.15,290.832,456.354
TTHA1070,349.736,305.964,420.21
TTHA1075,368.775,348.41,530.081
TTHA1076,241.693,208.201,294.915
TTHA1077,258.263,183.468,263.959
TTHA1078,428.919,265.711,389.233
TTHA1079,176.266,158.285,278.747
TTHA1080,172.708,132.545,169.723
TTHA1081,258.872,234.324,291.562
TTHA1082,210.947,225.791,274.501
TTHA1083,165.754,171.786,258.801
TTHA1084,195.785,125.833,177.473
TTHA1085,189.876,182.475,289.179
TTHA1086,223.955,227.414,302.68
TTHA1087,363.124,407.895,511.075
TTHA1088,1279.81,1205.85,1737.44
TTHA1089,1056.92,853.199,1242.27
TTHA1090,665.927,484.729,695.402
TTHA1092,674.388,603.088,967.765
TTHA1096,288.352,279.164,513.991
TTHA1098,3981.41,3455.14,5081.72
TTHA1099,559.448,515.761,727.884
TTHA1104,354.748,342.187,599.112
TTHA1107,675.364,633.56,861.729
TTHA1108,445.542,380.801,530.86
TTHA1109,300.896,347.187,430.254
TTHA1109,184.459,145.011,181.57
TTHA1110,265.579,195.799,220.945
TTHA1110,130.797,89.0326,151.879
TTHA1112,282.368,214.488,312.167
TTHA1114,270.978,301.696,395.535
TTHA1115,399.24,441.764,566.535
TTHA1116,130.39,112.428,138.685
TTHA1118,553.042,520.607,844.527
TTHA1131,1114.1,1042.47,1482.13
TTHA1132,1294.1,1107.65,1633.85
TTHA1133,4516.5,4692.11,5856.66
TTHA1134,2746.41,2643.07,3670.33
TTHA1135,2334.19,2304.57,3548.28
TTHA1136,526.35,586.647,893.739
TTHA1137,123.4,136.613,225.524
TTHA1138,4714.86,4167.59,6074.66
TTHA1139,945.364,821.892,1119.24
TTHA1140,885.745,787.373,1028.42
TTHA1144,676.908,604.445,904.348
TTHA1145,539.332,518.724,634.018
TTHA1146,494.913,458.299,668.388
TTHA1148,228.9,210.956,303.847
TTHA1149,138.58,128.985,167.644
TTHA1152,553.364,521.645,745.295
TTHA1157,2867.1,2637.72,3909.28
TTHA1158,216.283,166.753,242.066
TTHA1159,544.158,519.928,783.943
TTHA1160,66.5574,54.8333,68.667
TTHA1160,83.4679,52.5052,50.8534
TTHA1164,95.6603,91.651,150.959
TTHA1165,256.432,197.769,318.397
TTHA1166,415.152,465.692,706.189
TTHA1167,191.45,171.356,290.388
TTHA1168,182.214,137.073,197.783
TTHA1186,227.55,191.373,231.208
TTHA1187,481.758,394.433,524.693
TTHA1188,259.576,248.614,211.073
TTHA1188,200.905,245.608,299.825
TTHA1189,160.092,133.387,160.648
TTHA1190,111.993,90.0372,130.845
TTHA1191,157.1,105.476,174.706
TTHA1192,190.267,174.603,295.162
TTHA1205,281.087,241.762,328.608
TTHA1206,232.873,230.854,296.014
TTHA1207,328.528,270.576,382.587
TTHA1216,17.8018,1.78618,18.0019
TTHA1217,165.29,152.85,224.028
TTHA1218,71.0027,62.2781,120.751
TTHA1219,101.119,78.5493,128.147
TTHA1220,157.388,136.036,187.506
TTHA1221,8544.77,7559.91,9944.51
TTHA1222,748.983,699.872,1276.64
TTHA1223,527.585,376.831,599.395
TTHA1224,197.541,168.055,298.864
TTHA1228,722.519,664.278,912.14
TTHA1229,424.78,444.026,657.199
TTHA1230,485.906,412.713,544.411
TTHA1231,430.407,461.617,537.848
TTHA1232,345.786,342.918,506.687
TTHA1233,378.337,336.13,473.185
TTHA1234,800.136,712.631,1053.71
TTHA1246,751.182,692.163,922.747
TTHA1247,254.205,242.428,362.127
TTHA1249,64.8713,51.3973,71.4631
TTHA1250,78.4298,70.9725,99.4538
TTHA1253,28.9162,30.2505,45.649
TTHA1254,254.896,214.361,268.349
TTHA1254,254.145,281.598,259.64
TTHA1255,386.416,387.595,529.671
TTHA1257,125.797,116.744,145.863
TTHA1258,92.0421,68.8851,92.8641
TTHA1259,166.558,103.289,174.62
TTHA1260,188.874,163.543,242.167
TTHA1266,244.995,226.53,332.802
TTHA1267,165.566,152.487,217.273
TTHA1280,336.395,312.829,445.554
TTHA1281,402.069,410.131,510.717
TTHA1282,355.912,307.469,453.102
TTHA1283,319.269,376.104,551.092
TTHA1284,257.252,260.177,381.466
TTHA1285,161.95,113.158,195.113
TTHA1292,9.79179,16.9616,27.0364
TTHA1296,1525.16,1299.33,1850.26
TTHA1309,220.406,212.311,292.813
TTHA1311,366.256,318.062,458.914
TTHA1312,1305.58,1129.34,1399.06
TTHA1313,715.11,565.337,786.363
TTHA1314,386.167,357.87,510.855
TTHA1316,92.2857,54.6448,92.3539
TTHA1317,177.017,212.105,283.568
TTHA1318,96.9787,78.4966,99.4176
TTHA1322,176.762,103.027,150.129
TTHA1325,782.005,818.11,1184.34
TTHA1326,559.419,524.048,745.728
TTHA1327,423.45,417.312,610.168
TTHA1327,427.88,383.579,553.148
TTHA1329,942.564,984.774,1333.3
TTHA1330,4769.19,4174.62,5593.69
TTHA1331,735.131,729.064,1030.26
TTHA1332,572.381,561.379,716.615
TTHA1333,646.176,602.455,794.527
TTHA1333,590.845,613.857,746.611
TTHA1334,112.02,105.134,160.102
TTHA1335,480.334,406.124,548.708
TTHA1336,1200.41,1190.72,1664.35
TTHA1337,165.316,200.926,312.668
TTHA1338,126.135,99.4226,216.94
TTHA1339,409.141,383.811,560.176
TTHA1346,158.401,133.687,214.69
TTHA1347,194.226,143.487,224.955
TTHA1348,194.659,179.983,268.824
TTHA1349,7228.95,6435.71,8447.68
TTHA1353,63.4476,67.8747,118.391
TTHA1354,226.554,178.646,268.251
TTHA1355,1091.61,1121.08,1407.6
TTHA1356,888.692,995.18,1297.02
TTHA1357,718.1,652.887,937.672
TTHA1358,425.796,345.802,503.162
TTHA1359,545.019,536.018,805.484
TTHA1360,252.033,245.121,353.471
TTHA1361,127.064,102.683,130.609
TTHA1362,229.032,216.493,318.539
TTHA1363,180.152,150.52,206.014
TTHA1365,222.119,166.391,240.443
TTHA1366,255.175,229.626,353.639
TTHA1367,248.93,212.359,307.954
TTHA1370,901.247,616.707,830.471
TTHA1371,103.974,89.9198,138.93
TTHA1373,908.477,817.257,1217.17
TTHA1374,733.083,643.915,876.288
TTHA1376,413.571,310.895,665.139
TTHA1377,157.664,144.082,182.541
TTHA1378,1336.17,1286.37,1702.84
TTHA1379,410.681,408.005,797.814
TTHA1380,479.907,430.647,725.863
TTHA1381,1025.1,937.707,1362.28
TTHA1382,664.659,543.0,810.337
TTHA1383,1064.32,997.78,1478.09
TTHA1384,359.95,363.749,483.227
TTHA1385,401.348,419.855,553.364
TTHA1386,238.86,215.946,309.703
TTHA1388,197.426,131.262,276.665
TTHA1391,449.579,451.208,605.274
TTHA1393,87.4771,68.403,120.968
TTHA1394,402.999,411.705,532.313
TTHA1395,353.792,290.277,484.074
TTHA1399,717.487,599.153,894.4
TTHA1423,452.926,370.506,650.898
TTHA1424,91.9651,70.9834,97.1333
TTHA1425,102.602,71.0825,103.627
TTHA1428,239.18,224.311,340.454
TTHA1429,170.194,134.063,210.976
TTHA1430,163.663,178.716,238.522
TTHA1432,130.679,91.2953,142.432
TTHA1437,208.768,199.262,305.627
TTHA1438,172.521,164.862,241.203
TTHA1440,1555.86,1504.07,2000.28
TTHA1443,467.893,468.772,720.754
TTHA1444,513.374,483.634,586.853
TTHA1445,270.895,257.649,391.038
TTHA1446,784.304,685.476,987.277
TTHA1447,687.322,681.222,871.888
TTHA1448,365.805,466.542,740.802
TTHA1449,567.4,516.968,978.014
TTHA1450,349.971,267.559,404.382
TTHA1451,205.02,145.198,232.454
TTHA1452,325.263,315.067,423.676
TTHA1457,2569.22,2213.67,3478.05
TTHA1458,424.559,417.002,639.798
TTHA1459,321.965,262.571,363.823
TTHA1460,390.381,429.229,581.99
TTHA1463,3.98923,14.1149,45.3157
TTHA1466,656.524,449.843,659.337
TTHA1468,252.438,188.792,268.315
TTHA1469,229.045,192.163,326.559
TTHA1471,109.815,92.3418,176.241
TTHA1492,459.841,424.852,670.133
TTHA1494,715.492,678.158,965.173
TTHA1495,1102.03,1050.17,1507.38
TTHA1498,160.487,149.273,249.722
TTHA1499,77.7789,77.4485,123.563
TTHA1500,157.859,120.995,183.188
TTHA1501,418.856,360.79,567.16
TTHA1502,768.58,701.382,963.675
TTHA1503,144.416,97.1062,138.271
TTHA1510,2609.2,2369.84,3024.84
TTHA1511,645.971,646.199,725.681
TTHA1513,324.34,188.279,306.34
TTHA1515,773.503,762.896,929.806
TTHA1516,683.79,619.949,884.113
TTHA1517,791.989,783.048,1018.75
TTHA1518,540.545,492.314,719.931
TTHA1519,493.888,414.012,547.166
TTHA1520,690.14,669.12,909.583
TTHA1524,1002.78,951.256,1308.77
TTHA1525,156.209,190.616,238.84
TTHA1526,237.05,147.34,239.953
TTHA1530,643.194,650.138,959.023
TTHA1533,425.515,386.554,674.807
TTHA1534,112.567,113.479,207.83
TTHA1536,392.365,337.237,408.693
TTHA1538,3.6415,1.57356,16.0492
TTHA1539,197.057,204.756,279.028
TTHA1541,52.3246,53.387,63.0045
TTHA1542,73.5237,94.1359,152.198
TTHA1546,460.819,449.771,640.274
TTHA1548,136.317,158.89,218.349
TTHA1552,539.914,490.073,713.509
TTHA1553,441.578,392.872,668.53
TTHA1554,1783.96,1597.75,2136.25
TTHA1555,566.65,494.419,815.705
TTHA1556,478.982,344.088,584.174
TTHA1557,239.786,237.238,384.823
TTHA1563,245.134,152.743,284.167
TTHA1582,438.701,405.959,548.954
TTHA1583,885.091,830.44,1399.34
TTHA1584,1288.06,1330.54,1931.57
TTHA1586,1471.45,1340.35,1972.42
TTHA1596,373.65,307.97,439.823
TTHA1597,387.536,296.678,438.033
TTHA1599,519.087,554.582,707.929
TTHA1600,335.321,323.262,469.393
TTHA1601,418.668,365.976,472.449
TTHA1602,425.588,398.658,534.801
TTHA1602,343.464,397.142,483.859
TTHA1603,472.536,372.61,624.6
TTHA1604,4202.23,3519.39,5055.26
TTHA1606,236.102,236.574,324.622
TTHA1607,150.39,108.157,160.285
TTHA1608,506.529,408.572,710.192
TTHA1609,527.66,475.675,664.417
TTHA1611,115.863,95.5541,134.077
TTHA1612,503.132,441.067,680.834
TTHA1615,803.185,689.582,1081.64
TTHA1616,82.9894,80.1407,130.848
TTHA1619,452.008,425.867,674.271
TTHA1620,544.216,477.022,693.713
TTHA1622,538.516,453.323,713.755
TTHA1623,357.185,410.351,648.863
TTHA1624,1382.76,1260.93,1742.91
TTHA1627,57.7057,47.9258,86.3704
TTHA1628,216.744,231.422,316.349
TTHA1629,34.7519,35.6292,58.3345
TTHA1630,326.331,331.162,428.183
TTHA1631,214.057,238.472,313.925
TTHA1636,155.567,191.51,246.85
TTHA1637,369.423,416.814,642.933
TTHA1638,199.55,187.862,261.867
TTHA1639,250.609,233.356,351.134
TTHA1640,2037.49,1695.28,2296.21
TTHA1641,719.775,711.46,970.982
TTHA1643,58.3027,44.3861,39.4809
TTHA1644,132.835,120.149,173.986
TTHA1660,1216.12,1090.57,1603.32
TTHA1662,656.58,605.96,952.41
TTHA1698,242.212,198.191,250.224
TTHA1699,206.909,177.416,265.739
TTHA1700,284.034,255.053,334.163
TTHA1701,469.879,421.091,724.509
TTHA1702,490.867,396.421,739.88
TTHA1705,348.887,291.473,437.625
TTHA1706,570.903,544.391,839.775
TTHA1710,41.0302,36.4467,53.6623
TTHA1711,90.7982,110.117,172.772
TTHA1713,312.541,340.728,424.604
TTHA1715,717.449,584.015,859.228
TTHA1716,485.171,416.378,637.709
TTHA1717,1205.86,1027.03,1449.64
TTHA1718,824.239,892.379,1229.82
TTHA1719,641.102,578.697,765.003
TTHA1720,290.062,316.75,450.274
TTHA1721,368.048,342.536,422.103
TTHA1721,403.749,375.53,508.95
TTHA1722,141.45,137.544,193.663
TTHA1723,95.7798,58.4415,91.4561
TTHA1725,140.574,121.007,183.526
TTHA1726,65.7547,50.3827,72.1577
TTHA1727,19.9084,26.633,46.1723
TTHA1728,69.7278,38.7526,53.2198
TTHA1730,32.1771,23.058,25.3076
TTHA1731,42.0098,36.639,72.4347
TTHA1732,67.3207,73.9108,114.706
TTHA1733,20.1726,26.1012,54.3548
TTHA1734,879.97,771.354,1070.61
TTHA1734,975.887,902.55,1275.52
TTHA1735,617.527,507.94,693.987
TTHA1736,1233.72,1082.48,1417.98
TTHA1737,668.569,539.161,753.771
TTHA1738,448.826,502.741,699.355
TTHA1744,236.393,239.543,298.571
TTHA1745,109.117,87.6174,167.318
TTHA1755,626.471,657.272,903.927
TTHA1756,1205.98,1084.93,1544.47
TTHA1757,1371.4,1088.09,1723.71
TTHA1758,421.537,351.803,578.835
TTHA1772,694.03,639.528,976.262
TTHA1785,269.243,216.866,327.443
TTHA1786,302.461,257.74,312.315
TTHA1787,131.773,132.623,171.723
TTHA1791,476.833,371.416,534.302
TTHA1792,619.071,544.472,809.7
TTHA1794,255.025,163.779,253.487
TTHA1795,605.901,576.324,819.445
TTHA1796,859.094,905.599,1209.33
TTHA1797,378.736,382.598,606.5
TTHA1800,251.249,263.442,332.49
TTHA1803,615.463,541.592,708.492
TTHA1804,732.158,634.488,860.221
TTHA1805,279.62,214.13,301.025
TTHA1805,265.731,289.658,450.58
TTHA1806,272.407,232.927,351.019
TTHA1822,444.563,410.008,551.414
TTHA1823,255.147,272.061,390.743
TTHA1826,744.906,747.697,1107.0
TTHA1827,1228.2,1046.97,1490.62
TTHA1832,151.452,145.541,228.958
TTHA1833,163.59,148.269,201.99
TTHA1834,251.368,235.822,290.525
TTHA1835,95.3805,89.4371,131.452
TTHA1836,195.036,192.555,292.54
TTHA1837,113.54,114.271,177.964
TTHA1838,3484.59,3556.99,4561.16
TTHA1839,3418.27,3287.2,4515.38
TTHA1840,1968.82,1884.99,2605.76
TTHA1841,1927.59,1792.94,2507.94
TTHA1847,88.7095,71.9919,96.1585
TTHA1848,557.841,533.866,907.109
TTHA1849,23.724,30.3038,66.6088
TTHA1850,84.6168,59.8494,83.9008
TTHA1851,17.8478,22.1789,33.2719
TTHA1852,1419.91,1346.34,1902.9
TTHA1853,477.679,422.569,583.014
TTHA1855,1122.8,859.988,1319.4
TTHA1856,605.114,415.267,616.664
TTHA1862,628.539,692.257,1038.07
TTHA1863,862.44,877.192,1300.31
TTHA1864,648.123,580.412,953.019
TTHA1875,932.135,901.589,1200.8
TTHA1876,373.807,326.976,484.446
TTHA1877,1030.06,836.777,1165.15
TTHA1882,53.9732,45.5418,85.1625
TTHA1884,74.8262,103.3,142.864
TTHA1887,100.364,102.692,116.965
TTHA1888,331.708,277.75,459.358
TTHA1889,483.357,471.285,680.188
TTHA1891,299.415,259.758,327.253
TTHA1896,1191.66,1168.67,1592.12
TTHA1897,207.509,175.83,250.562
TTHA1912,336.657,294.631,425.6
TTHA1913,200.065,221.777,322.61
TTHA1921,1196.99,1019.21,1387.48
TTHA1922,639.536,644.465,905.525
TTHA1925,50.7186,45.2506,102.917
TTHA1927,557.151,456.398,676.72
TTHA1928,602.659,481.75,726.857
TTHA1929,308.448,211.13,359.608
TTHA1937,977.686,882.186,1291.68
TTHA1941,2777.88,2677.4,3605.66
TTHA1944,156.409,140.242,210.145
TTHA1945,174.836,164.806,223.842
TTHA1946,244.532,196.871,369.606
TTHA1947,320.963,246.604,350.413
TTHA1949,1511.51,1345.4,1905.76
TTHA1952,269.225,257.591,385.718
TTHA1953,1064.37,948.062,1270.39
TTHA1954,104.703,120.4,186.024
TTHA1955,75.1595,76.3312,102.446
TTHA1956,206.854,186.458,289.403
TTHA1958,280.934,233.554,327.275
TTHA1959,250.765,260.807,315.346
TTHA1961,373.126,303.516,425.724
TTHA1966,242.924,222.982,303.038
TTHA1967,137.854,95.9463,174.076
TTHA1968,67.8399,70.7538,98.421
TTHA1973,1086.74,972.909,1341.2
TTHA0001,131.441,143.711,236.647
TTHA0002,989.56,1072.86,1379.1
TTHA0003,959.5,862.028,1144.44
TTHA0011,1014.77,918.37,1399.33
TTHA0013,306.209,320.256,470.014
TTHA0014,91.8935,70.1398,93.9873
TTHA0015,531.436,482.921,731.672
TTHA0016,606.569,607.262,1090.26
TTHA0023,276.325,223.324,310.77
TTHA0025,64.4598,40.8421,60.4601
TTHA0027,6086.62,5358.8,7024.86
TTHA0028,658.669,582.886,819.214
TTHA0029,194.574,155.267,239.237
TTHA0030,872.45,790.345,1282.51
TTHA0031,252.848,204.852,253.616
TTHA0033,178.563,130.867,210.894
TTHA0034,729.943,757.443,1100.0
TTHA0035,182.127,151.277,256.731
TTHA0036,347.643,341.394,525.046
TTHA0037,50.1647,54.2431,96.2465
TTHA0038,40.0478,53.379,58.91
TTHA0039,55.0068,33.9853,39.2448
TTHA0040,73.1654,63.749,87.7235
TTHA0043,495.794,378.92,565.372
TTHA0047,122.308,100.556,164.894
TTHA0048,359.777,325.647,498.203
TTHA0050,90.3591,94.751,146.139
TTHA0051,370.935,382.937,505.231
TTHA0053,30.4723,39.3998,49.89
TTHA0056,140.976,126.37,221.406
TTHA0057,183.689,180.251,235.659
TTHA0058,242.903,226.822,301.272
TTHA0059,553.859,497.171,754.641
TTHA0060,246.097,208.338,365.337
TTHA0064,127.791,100.886,125.207
TTHA0065,148.376,102.011,165.575
TTHA0066,386.784,313.719,458.559
TTHA0069,129.354,124.27,236.916
TTHA0070,185.017,189.069,297.843
TTHA0071,75.4158,78.4533,84.2731
TTHA0072,127.952,101.18,178.804
TTHA0075,1268.59,1192.44,1734.33
TTHA0076,408.941,408.88,536.842
TTHA0077,614.864,559.883,801.516
TTHA0081,322.978,349.817,427.636
TTHA0082,197.972,174.353,229.532
TTHA0083,86.2859,85.5221,109.578
TTHA0084,253.832,232.724,325.316
TTHA0085,546.563,505.047,674.606
TTHA0086,431.458,536.198,707.807
TTHA0087,813.525,843.839,1293.1
TTHA0088,1318.11,1265.75,1855.23
TTHA0089,685.59,761.357,1001.93
TTHA0090,1075.41,946.168,1255.53
TTHA0091,705.515,665.803,941.355
TTHA0092,641.602,570.942,845.883
TTHA0093,505.158,413.946,543.894
TTHA0094,410.546,384.413,526.638
TTHA0095,595.552,594.148,736.512
TTHA0096,444.22,434.647,587.947
TTHA0097,479.068,428.903,587.713
TTHA0098,809.994,739.076,1030.57
TTHA0099,747.059,757.856,1043.67
TTHA0100,444.527,419.196,631.908
TTHA0105,118.608,94.0011,169.99
TTHA0113,381.316,352.077,457.043
TTHA0116,501.331,495.846,670.597
TTHA0117,472.12,472.538,671.575
TTHA0121,120.52,92.1195,135.195
TTHA0123,12.9642,2.16375,2.86486
TTHA0124,1310.57,1261.71,1889.43
TTHA0125,1423.58,1422.2,2010.24
TTHA0126,1237.79,1159.74,1895.74
TTHA0131,211.861,169.152,331.501
TTHA0133,374.401,351.841,552.434
TTHA0134,396.507,356.11,546.562
TTHA0135,1672.3,1500.23,2220.66
TTHA0140,455.782,457.92,648.601
TTHA0142,969.69,913.506,1461.82
TTHA0148,103.948,107.895,120.914
TTHA0154,28.2862,57.9292,41.2695
TTHA0155,32.5915,19.7831,47.5375
TTHA0156,59.6875,61.9034,102.739
TTHA0158,714.277,743.911,1236.87
TTHA0159,299.252,268.778,379.338
TTHA0160,52.16,34.5625,59.7855
TTHA0163,2904.2,2659.59,3175.2
TTHA0167,1402.46,1253.37,1866.85
TTHA0168,1632.95,1691.13,2084.5
TTHA0172,319.415,347.242,579.244
TTHA0174,195.949,198.082,207.079
TTHA0174,277.822,214.779,372.287
TTHA0175,7331.14,6236.22,7998.44
TTHA0176,669.369,585.779,931.421
TTHA0181,113.827,116.1,193.838
TTHA0182,182.697,161.524,272.145
TTHA0183,100.978,76.3436,124.356
TTHA0186,32.4046,46.0586,55.7622
TTHA0187,244.765,222.567,335.028
TTHA0188,1803.59,1686.98,2434.27
TTHA0192,77.987,68.4995,150.486
TTHA0193,367.286,434.473,611.778
TTHA0194,211.101,198.967,284.247
TTHA0195,246.059,213.113,340.479
TTHA0199,91.4171,80.2603,124.902
TTHA0200,260.92,244.085,344.498
TTHA0202,127.098,109.017,171.032
TTHA0206,318.916,311.627,433.68
TTHA0207,530.136,619.231,971.13
TTHA0208,880.886,888.365,1146.91
TTHA0209,4271.55,3728.21,5228.78
TTHA0210,4504.31,4302.98,5526.16
TTHA0218,310.788,256.338,366.915
TTHA0219,403.911,295.518,336.678
TTHA0220,717.544,620.747,948.547
TTHA0221,841.594,825.856,1130.33
TTHA0222,590.839,531.554,752.325
TTHA0224,249.781,252.84,345.404
TTHA0225,70.9216,84.9942,138.944
TTHA0226,297.907,287.754,393.609
TTHA0229,1723.63,1392.32,2051.32
TTHA0230,491.048,426.006,676.857
TTHA0231,378.039,329.557,519.612
TTHA0232,570.985,575.224,816.286
TTHA0233,779.034,657.661,924.287
TTHA0252,127.913,81.7553,148.227
TTHA0255,1682.02,1502.94,1991.42
TTHA0257,684.948,601.351,892.42
TTHA0258,363.856,283.035,451.854
TTHA0259,1949.45,1781.07,2607.09
TTHA0260,641.004,695.057,919.0
TTHA0261,290.712,257.384,348.478
TTHA0262,623.49,554.217,849.313
TTHA0263,258.033,246.929,348.111
TTHA0264,186.795,181.901,230.131
TTHA0265,189.083,170.314,266.404
TTHA0266,170.994,158.157,206.445
TTHA0270,2349.17,2063.94,2890.4
TTHA0277,352.034,317.3,459.708
TTHA0278,1311.62,1243.1,1667.51
TTHA0279,314.877,317.438,340.827
TTHA0285,304.533,330.945,464.944
TTHA0286,534.268,526.612,939.116
TTHA0290,126.442,112.556,173.79
TTHA0291,82.6983,82.413,107.261
TTHA0296,208.128,144.351,207.27
TTHA0297,497.556,519.465,645.619
TTHA0298,549.357,494.222,725.557
TTHA0299,252.966,288.193,342.744
TTHA0300,1010.63,933.68,1237.51
TTHA0300,740.351,684.691,978.077
TTHA0304,610.706,560.256,742.537
TTHA0305,1171.27,1175.95,1428.76
TTHA0306,805.24,724.149,1052.07
TTHA0307,386.65,324.307,536.688
TTHA0308,211.192,170.024,270.084
TTHA0310,2260.65,2190.93,3123.11
TTHA0311,960.358,963.105,1517.48
TTHA0312,1983.7,1656.49,2282.72
TTHA0313,54.8904,23.0178,50.2633
TTHA0315,65.3065,51.1478,71.533
TTHA0316,2137.31,2000.43,2618.4
TTHA0328,293.102,281.102,424.26
TTHA0329,105.162,116.144,149.944
TTHA0330,72.6531,73.9233,114.058
TTHA0331,325.765,315.068,432.885
TTHA0336,271.83,199.004,316.4
TTHA0340,638.692,574.646,900.294
TTHA0341,399.191,346.367,466.165
TTHA0342,354.639,323.878,522.617
TTHA0347,589.619,576.64,799.883
TTHA0348,226.9,214.648,279.011
TTHA0348,330.206,249.273,351.683
TTHA0352,2708.62,2484.93,3654.08
TTHA0353,187.305,188.119,267.816
TTHB003,277.77,268.273,425.01
TTHB008,376.74,324.363,561.213
TTHB009,282.307,262.094,400.122
TTHB024,310.232,305.506,435.027
TTHB024,222.221,242.869,263.991
TTHB026,77.8433,57.7133,83.742
TTHB029,65.5019,50.7615,62.4782
TTHB030,15.2089,1.48307,22.0499
TTHB031,88.1769,55.1636,62.3078
TTHB032,16.2144,9.68186,17.787
TTHB033,41.6047,23.6076,26.0536
TTHB034,33.1753,20.1525,20.076
TTHB035,120.284,69.8141,90.6716
TTHB036,28.6435,12.8435,11.1762
TTHB039,28.0004,24.2819,31.0036
TTHB040,33.6451,24.8515,20.651
TTHB041,5.93936,4.51604,17.9639
TTHB042,33.1117,27.3256,18.636
TTHB049,53.4931,37.8925,74.1298
TTHB050,154.807,115.096,141.51
TTHB051,166.635,154.193,227.239
TTHB052,123.381,164.448,212.548
TTHB053,159.179,156.084,232.032
TTHB054,166.539,124.024,187.716
TTHB055,92.8461,104.704,162.314
TTHB056,406.973,380.769,568.595
TTHB057,455.023,474.01,712.851
TTHB058,425.599,483.289,754.839
TTHB059,298.659,322.529,415.146
TTHB060,140.433,109.461,156.648
TTHB061,233.57,185.421,264.904
TTHB062,147.181,137.427,202.929
TTHB063,711.294,594.857,907.635
TTHB064,1651.68,1265.83,1591.72
TTHB064,443.18,394.662,653.092
TTHB064,662.324,511.849,741.809
TTHB065,88.3398,94.5176,125.32
TTHB066,102.27,80.1999,92.3596
TTHB069,108.264,120.034,171.783
TTHB072,227.008,181.591,229.306
TTHB074,40.4364,35.2099,47.3767
TTHB075,22.9359,17.8988,28.2461
TTHB076,9.36086,10.2551,14.8155
TTHB077,29.0225,33.1032,60.5651
TTHB078,26.3426,5.59299,18.6393
TTHB079,22.4188,7.63396,25.2675
TTHB080,63.7871,28.2287,21.4154
TTHB081,146.875,137.4,179.393
TTHB082,117.712,107.499,162.571
TTHB083,47.1272,19.6399,37.298
TTHB085,30.0482,18.6845,21.9801
TTHB086,25.3515,22.2101,41.382
TTHB087,54.26,41.3486,63.8158
TTHB089,73.8322,63.3791,80.2632
TTHB090,6.07202,9.2673,21.0089
TTHB091,69.6752,41.5158,62.2489
TTHB093,154.174,114.176,233.76
TTHB094,129.62,123.79,159.386
TTHB095,253.292,197.835,316.422
TTHB096,112.92,120.369,147.798
TTHB101,13.6673,18.7837,11.437
TTHB102,42.8092,30.3093,43.9181
TTHB103,130.977,114.716,127.478
TTHB104,129.348,86.5287,114.331
TTHB105,176.736,112.759,182.054
TTHB106,69.3901,67.4758,100.276
TTHB107,287.363,248.889,355.174
TTHB108,539.498,379.745,560.113
TTHB109,471.594,395.341,544.038
TTHB110,122.071,95.8505,147.094
TTHB111,326.406,252.151,431.74
TTHB117,177.665,148.222,232.771
TTHB118,266.144,214.404,347.269
TTHB119,197.396,153.946,306.277
TTHB120,113.57,118.495,177.545
TTHB130,542.357,346.606,493.343
TTHB131,182.879,166.616,283.604
TTHB132,353.351,302.786,399.842
TTHB137,11.6909,13.8887,3.12794
TTHB138,28.4942,18.5804,26.006
TTHB139,60.5675,45.9821,63.2392
TTHB142,81.3234,50.3322,63.0403
TTHB143,48.0911,54.7628,65.0814
TTHB144,124.749,75.6989,150.584
TTHB145,39.5721,52.5972,53.302
TTHB147,85.5557,65.1143,114.509
TTHB148,102.278,84.5693,133.127
TTHB149,182.336,207.953,262.038
TTHB150,53.2077,38.3543,50.2588
TTHB151,52.8649,49.376,58.5861
TTHB152,109.438,89.1749,106.921
TTHB155,43.3304,19.9715,50.2897
TTHB160,61.4528,62.0792,73.6549
TTHB161,36.625,43.7107,74.3646
TTHB162,80.968,84.0452,101.107
TTHB163,123.329,104.458,137.027
TTHB164,39.4336,48.6386,60.268
TTHB165,57.9429,30.7123,52.603
TTHB167,168.384,135.069,181.271
TTHB167,534.27,479.503,717.168
TTHB168,172.924,182.256,230.17
TTHB169,209.798,198.944,338.746
TTHB170,262.944,185.637,258.272
TTHB179,6790.94,6002.81,8203.86
TTHB180,8356.54,7600.79,9880.8
TTHB181,1189.03,1003.34,1294.93
TTHB182,602.81,555.557,768.818
TTHB183,1050.24,941.02,1352.63
TTHB186,78.1679,62.7069,59.4918
TTHB187,74.8689,73.5088,125.354
TTHB188,89.9155,73.7129,81.057
TTHB189,115.081,79.1626,118.1
TTHB190,34.7087,43.4626,58.6029
TTHB191,120.671,114.713,167.707
TTHB192,100.954,65.9279,131.404
TTHB193,56.9292,46.6539,71.2771
TTHB194,104.303,103.477,136.434
TTHB198,749.213,685.594,1082.32
TTHB199,415.161,352.547,513.82
TTHB207,240.03,147.85,283.356
TTHB208,76.7743,64.7098,101.606
TTHB209,56.6239,57.2349,81.5876
TTHB211,627.45,531.851,863.518
TTHB212,628.189,537.696,830.311
TTHB212,736.238,586.466,956.21
TTHB213,435.578,391.489,597.054
TTHB214,23.2206,24.8161,29.5289
TTHB214,26.334,19.1858,18.1059
TTHB226,18.2382,30.9114,38.499
TTHB227,91.6161,65.9663,97.6942
TTHB228,95.9521,96.7012,85.6007
TTHB229,17.2662,18.5825,19.9593
TTHB230,84.5722,67.1229,66.0357
TTHB231,44.6911,34.965,62.6607
TTHB236,119.522,100.826,170.959
TTHB236,132.965,103.337,198.4
TTHB236,143.429,113.102,189.729
TTHB249,4.06642,13.3586,23.2355
TTHB250,34.7186,38.3989,46.7221
TTHB251,44.3292,32.3853,66.3166
TTHC013,389.687,312.664,462.722
TTHC014,284.29,183.569,225.307
TTHC014,318.805,232.324,289.841
TTHC001,236.787,173.632,271.247
TTHC003,124.413,57.391,101.118
TTHC004,219.233,154.817,307.706
TTHC005,922.937,711.287,1220.96
TTHC007,112.768,78.1886,113.579
TTHC008,34.2856,31.8374,31.9071
TTHC009,437.363,340.592,559.097
TTHA0370,705.814,682.361,957.992
TTHA0375,278.239,288.506,349.048
TTHA0381,364.541,328.915,483.365
TTHA0394,229.097,239.674,340.908
TTHA0395,249.656,200.229,241.013
TTHA0396,256.624,260.719,301.115
TTHA0397,423.814,316.656,368.266
TTHA0398,515.741,384.306,614.317
TTHA0399,506.456,478.815,647.556
TTHA0399,411.465,403.979,519.874
TTHA0400,44.3136,46.0845,46.4882
TTHA0401,105.542,78.2036,94.733
TTHA0403,863.041,716.67,1146.52
TTHA0405,360.194,226.239,340.363
TTHA0406,493.748,455.108,698.754
TTHA0411,382.588,335.411,529.107
TTHA0412,831.746,820.772,1038.61
TTHA0413,693.545,639.475,928.633
TTHA0414,2656.74,2442.04,3605.27
TTHA0415,834.379,576.161,766.17
TTHA0416,717.359,622.964,819.314
TTHA0417,1198.47,1007.76,1461.48
TTHA0418,4915.58,4330.24,5974.68
TTHA0419,682.138,602.484,869.982
TTHA0420,974.148,741.215,1127.54
TTHA0421,606.153,543.8,681.392
TTHA0422,416.712,400.203,551.646
TTHA0423,626.424,546.97,855.135
TTHA0426,134.241,150.845,215.728
TTHA0426,106.678,152.553,192.284
TTHA0427,133.927,122.053,192.302
TTHA0431,156.798,129.079,128.779
TTHA0433,306.62,198.018,370.436
TTHA0435,1294.82,1129.79,1704.65
TTHA0436,913.82,792.547,1125.77
TTHA0437,246.252,253.913,395.719
TTHA0438,567.667,485.804,716.421
TTHA0441,191.203,139.669,225.004
TTHA0442,915.616,858.729,1164.99
TTHA0443,1177.17,1067.25,1623.88
TTHA0444,3265.15,3144.75,4252.5
TTHA0445,1558.78,1289.31,1915.72
TTHA0464,164.73,196.559,239.809
TTHA0465,433.19,360.211,580.521
TTHA0466,274.64,243.79,356.832
TTHA0468,70.0949,62.7874,120.059
TTHA0478,650.131,539.986,831.138
TTHA0479,29.3861,11.8712,14.9748
TTHA0480,15.9143,20.0973,16.1137
TTHA0484,134.002,132.472,183.132
TTHA0486,170.81,162.276,244.195
TTHA0487,304.757,227.19,355.198
TTHA0488,215.728,201.211,305.433
TTHA0494,391.182,331.774,483.3
TTHA0495,573.766,552.659,817.765
TTHA0497,735.432,604.823,925.125
TTHA0498,1805.32,1717.21,2368.22
TTHA0499,2172.04,1829.08,2585.56
TTHA0500,75.3406,70.0675,125.046
TTHA0501,138.702,130.828,201.987
TTHA0502,237.684,186.712,237.355
TTHA0502,221.86,204.522,273.625
TTHA0503,91.3941,106.261,139.253
TTHA0504,97.5322,98.7076,141.523
TTHA0505,110.215,96.0009,124.583
TTHA0506,147.092,174.693,221.412
TTHA0510,147.598,95.9897,184.159
TTHA0511,373.644,342.16,506.571
TTHA0512,672.363,605.36,817.277
TTHA0513,430.488,400.425,554.772
TTHA0514,675.049,589.402,888.051
TTHA0517,112.529,108.353,171.111
TTHA0518,397.228,410.339,562.506
TTHA0527,108.703,144.581,178.675
TTHA0528,248.912,214.83,309.527
TTHA0531,463.229,379.515,523.381
TTHA0532,1613.18,1579.54,2210.3
TTHA0533,875.397,671.374,985.753
TTHA0536,1923.07,1840.35,2441.35
TTHA0537,2329.85,2353.48,2789.78
TTHA0538,1875.05,1834.61,2384.81
TTHA0540,228.396,212.376,298.832
TTHA0541,150.699,116.072,180.412
TTHA0542,845.018,869.567,1207.77
TTHA0546,65.4387,53.6605,61.1643
TTHA0549,705.776,712.743,950.637
TTHA0550,180.561,171.657,185.033
TTHA0557,5281.18,4633.25,6255.11
TTHA0558,1554.93,1452.33,1919.69
TTHA0560,512.8,376.03,511.889
TTHA0560,532.217,413.74,501.947
TTHA0561,892.083,774.012,1047.68
TTHA0565,364.915,249.778,436.567
TTHA0567,123.573,118.326,195.25
TTHA0567,119.912,106.119,155.287
TTHA0571,964.119,991.048,1323.72
TTHA0576,209.347,182.192,255.285
TTHA0577,206.091,115.762,196.129
TTHA0578,315.179,270.081,398.743
TTHA0579,1852.83,1569.67,2505.51
TTHA0580,137.187,118.816,246.338
TTHA0580,135.25,129.969,215.676
TTHA0583,141.173,125.896,163.212
TTHA0585,61.4542,44.9279,49.6763
TTHA0586,63.3385,26.5136,35.273
TTHA0587,35.1231,31.8496,41.5216
TTHA0588,98.7261,88.3103,136.22
TTHA0589,22.5102,21.6311,51.2076
TTHA0590,264.038,237.249,388.449
TTHA0591,687.442,630.927,782.716
TTHA0593,1042.31,896.335,1374.77
TTHA0595,276.486,267.207,361.665
TTHA0596,7.64748,2.27383,6.33432
TTHA0598,203.506,155.004,259.833
TTHA0599,427.219,329.394,402.208
TTHA0600,637.21,548.199,820.544
TTHA0601,891.658,741.189,1107.05
TTHA0603,94.8018,88.436,131.52
TTHA0604,212.468,189.368,223.218
TTHA0605,160.015,180.914,284.525
TTHA0606,464.571,517.565,702.953
TTHA0608,307.842,246.904,346.565
TTHA0609,445.957,313.578,527.901
TTHA0610,753.633,706.676,999.554
TTHA0611,1035.16,1083.96,1622.05
TTHA0612,248.213,227.82,332.444
TTHA0617,112.888,127.284,182.059
TTHA0619,196.768,234.359,293.995
TTHA0623,145.409,100.327,120.697
TTHA0627,763.262,648.74,1154.5
TTHA0629,937.239,765.104,1049.58
TTHA0630,1399.96,1170.19,1501.76
TTHA0631,1365.8,1216.44,1770.21
TTHA0632,269.668,221.72,364.599
TTHA0633,663.746,549.532,852.24
TTHA0639,1430.94,1277.48,1774.74
TTHA0639,1607.24,1457.59,2111.38
TTHA0640,1272.34,1102.07,1454.57
TTHA0641,1416.09,1014.09,1523.57
TTHA0642,857.268,692.917,1069.36
TTHA0643,579.904,420.632,677.307
TTHA0644,946.033,933.664,1651.62
TTHA0645,1179.61,1133.24,1910.61
TTHA0647,908.009,816.351,1389.7
TTHA0648,487.81,389.678,663.132
TTHA0649,1044.7,915.924,1335.27
TTHA0650,998.935,953.516,1374.53
TTHA0653,609.487,560.718,774.712
TTHA0659,215.796,199.843,310.927
TTHA0661,99.586,79.061,126.853
TTHA0664,191.571,146.795,159.874
TTHA0666,358.331,397.579,482.768
TTHA0667,678.992,724.42,934.667
TTHA0668,176.56,120.866,247.866
TTHA0669,422.197,506.061,708.82
TTHA0670,545.363,553.204,751.363
TTHA0671,242.268,293.133,383.717
TTHA0672,465.028,482.695,677.538
TTHA0673,45.004,32.9725,76.7901
TTHA0681,211.143,161.439,283.138
TTHA0682,326.544,255.614,332.746
TTHA0683,128.378,107.013,197.716
TTHA0684,514.018,397.655,565.123
TTHA0685,12.2044,14.3111,18.5432
TTHA0686,45.3,24.9825,45.2318
TTHA0687,23.0186,5.89528,22.7887
TTHA0688,59.5633,40.289,79.1047
TTHA0689,34.2646,24.5823,25.6216
TTHA0693,3.43622,15.1731,2.86356
TTHA0694,30.8715,24.3507,15.1917
TTHA0695,36.3146,9.38456,35.6727
TTHA0697,1290.19,1187.97,1675.34
TTHA0698,225.24,193.992,277.238
TTHA0699,727.805,745.049,1099.7
TTHA0701,901.381,885.459,1144.19
TTHA0702,439.188,407.122,628.328
TTHA0708,514.548,465.071,644.007
TTHA0709,187.111,147.724,228.704
TTHA0710,281.839,299.672,408.709
TTHA0711,358.074,307.101,491.176
TTHA0712,163.537,140.21,212.163
TTHA0715,165.277,121.658,175.959
TTHA0716,98.3781,80.482,166.638
TTHA0717,668.242,551.756,749.417
TTHA0718,981.498,887.992,1243.85
TTHA0719,1113.09,1088.76,1510.53
TTHA0726,1268.42,1232.13,1823.14
TTHA0727,398.874,451.096,633.838
TTHA0728,26.9487,37.3236,26.2022
TTHA0728,32.1057,25.4025,36.5377
TTHA0729,68.2015,82.7406,112.967
TTHA0730,81.9446,75.6196,91.5155
TTHA0731,237.129,167.151,230.364
TTHA0732,87.0243,66.8069,84.8756
TTHA0733,57.2665,49.1847,75.7731
TTHA0736,394.629,323.527,478.53
TTHA0737,684.401,677.264,987.527
TTHA0738,324.333,217.391,343.462
TTHA0740,209.428,161.432,281.084
TTHA0741,1126.66,1031.0,1513.28
TTHA0742,176.461,173.499,265.454
TTHA0743,506.902,385.467,645.195
TTHA0744,222.976,217.599,285.616
TTHA0745,498.006,456.596,783.332
TTHA0753,94.3669,98.8902,156.095
TTHA0754,328.933,301.864,434.035
TTHA0757,993.329,1002.49,1784.3
TTHA0758,425.449,442.664,641.206
TTHA0759,558.47,526.579,788.852
TTHA0760,794.566,784.638,1083.9
TTHA0761,484.038,449.893,697.492
TTHA0762,537.471,500.165,671.971
TTHA0763,32.1047,22.6293,35.3481
TTHA0764,270.186,259.255,374.062
TTHA0769,249.496,220.493,395.715
TTHA0770,1820.12,1831.87,2606.82
TTHA0771,106.787,78.1886,109.883
TTHA0778,451.725,377.422,649.548
TTHA0780,792.841,752.171,1058.88
TTHA0781,117.606,86.1991,120.228
TTHA0782,68.4542,65.9887,83.2911
TTHA0783,116.302,88.829,129.847
TTHA0784,254.81,192.293,300.803
TTHA0785,300.079,258.773,379.129
TTHA0786,217.053,220.675,310.972
TTHA0788,112.933,81.2984,121.707
TTHA0789,463.722,437.197,656.368
TTHA0790,100.703,113.426,157.745
TTHA0792,101.815,71.1057,128.798
TTHA0793,188.698,161.794,250.785
TTHA0795,222.156,191.212,308.241
TTHA0799,183.085,149.689,257.696
TTHA0800,262.723,276.66,424.819
TTHA0801,410.316,327.746,489.482
TTHA0802,880.111,836.421,1187.35
TTHA0803,855.338,721.419,1069.96
TTHA0804,1492.82,1394.3,1891.15
TTHA0805,271.611,176.453,281.684
TTHA0806,1402.91,1245.25,1860.81
TTHA0807,1135.2,1161.3,1630.41
TTHA0813,21.7032,34.3598,57.1467
TTHA0814,56.4553,56.802,84.0103
TTHA0815,24.638,31.5889,33.6869
TTHA0816,12.1864,50.3574,74.8311
TTHA0816,39.4406,35.2153,65.6642
TTHA0817,54.3051,50.5363,61.6453
TTHA0818,199.127,201.463,323.501
TTHA0819,291.841,237.246,420.675
TTHA0820,558.163,500.446,751.014
TTHA0821,1321.79,1180.6,1644.83
TTHA0822,525.625,462.696,676.835
TTHA0823,1691.84,1597.42,2250.28
TTHA0824,2610.4,2317.11,3518.7
TTHA0825,1566.91,1558.73,2126.39
TTHA0826,343.115,294.314,436.935
TTHA0827,4790.4,3807.89,4906.73
TTHA0830,322.699,288.821,336.484
TTHA0834,167.93,195.48,301.969
TTHA0835,50.5658,41.6143,43.4179
TTHA0836,6.81519,6.15455,17.0282
TTHA0837,24.4659,15.7099,29.9306
TTHA0841,14.4713,17.667,13.9153
TTHA0842,36.3962,28.1036,38.1661
TTHA0843,63.4693,71.6985,112.326
TTHA0844,192.188,136.845,224.088
TTHA0845,182.226,177.26,233.007
TTHA0845,223.514,186.053,286.969
TTHA0846,64.6734,42.6174,80.0144
TTHA0847,206.562,180.042,333.781
TTHA0854,214.82,212.882,307.17
TTHA0855,603.166,535.615,563.868
TTHA0856,249.049,185.484,245.671
TTHA0857,171.431,144.12,235.511
TTHA0858,1345.82,1137.45,1693.52
TTHA0859,1075.28,946.935,1353.25
TTHA0860,4888.79,4246.92,5848.4
TTHA0861,6045.24,5454.37,7065.52
TTHA0862,350.748,304.841,465.764
TTHA0863,515.779,500.694,773.438
TTHA0864,1048.35,913.964,1233.41
TTHA0867,1248.79,1088.75,1808.55
TTHA0868,790.749,668.177,1089.1
TTHA0870,182.178,155.166,243.688
TTHA0870,190.66,153.565,247.612
TTHA0871,108.64,84.5185,134.662
TTHA0872,99.4987,84.673,146.264
TTHA0873,213.888,179.333,223.935
TTHA0874,318.441,279.838,398.729
TTHA0875,324.069,247.263,372.971
TTHA0876,361.743,350.982,560.675
TTHA0877,438.586,381.621,554.084
TTHA0879,158.567,148.631,167.879
TTHA0880,195.545,153.08,280.57
TTHA0882,209.625,170.204,252.669
TTHA0884,1222.59,1086.44,1530.06
TTHA0884,857.102,657.321,943.615
TTHA0884,905.217,747.039,1004.35
TTHA0885,261.807,265.418,321.32
TTHA0886,308.717,260.892,350.621
TTHA0887,156.422,104.506,180.506
TTHA0888,236.786,208.551,287.843
TTHA0893,604.783,569.547,798.175
TTHA0898,495.898,437.684,580.414
TTHA0899,191.638,157.51,229.869
TTHA0900,695.08,654.606,897.134
TTHA0901,446.544,431.69,652.146
TTHA0902,470.526,403.668,685.836
TTHA0903,50.3271,44.7525,51.3443
TTHA0903,26.5712,41.53,49.7279
TTHA0904,118.9,111.427,128.14
TTHA0924,273.887,265.197,373.382
TTHA0925,67.9801,101.816,138.395
TTHA0927,45.7253,69.8011,94.512
TTHA0931,466.493,430.821,591.983
TTHA0932,682.611,620.215,972.121
TTHA0933,759.685,662.57,947.957
TTHA0934,443.928,406.28,616.841
TTHA0936,292.111,245.811,360.749
TTHA0937,223.469,201.913,277.376
TTHA0938,159.02,158.488,224.79
TTHA0939,137.175,127.161,192.219
TTHA0940,141.912,112.496,159.735
TTHA0941,143.104,120.09,135.212
TTHA0942,144.975,128.16,171.249
TTHA0943,59.8848,40.7074,62.9865
TTHA0944,174.294,134.532,242.335
TTHA0945,1008.75,793.564,1113.89
TTHA0945,760.584,620.68,849.138
TTHA0947,2162.77,1873.08,2652.85
TTHA0948,3945.73,3401.48,4861.21
TTHA0949,506.593,460.827,673.173
TTHA0950,199.891,183.096,320.087
TTHA0951,300.606,286.863,436.103
TTHA0956,31.4438,34.4261,60.8279
TTHA0968,429.889,359.241,519.068
TTHA0969,260.088,253.424,355.093
TTHA0969,271.979,256.592,304.939
TTHA0970,641.453,614.85,940.335
TTHA0971,1420.86,1311.79,1762.6
TTHA0972,1646.16,1560.75,2240.09
TTHA0973,1233.67,1144.97,1708.28
TTHA0974,49.9573,40.3377,70.6169
TTHA0975,180.66,140.157,159.968
TTHA0976,130.903,139.042,153.534
TTHA0977,270.15,304.017,333.326
TTHA0978,329.91,326.396,480.628
TTHA0979,49.0766,44.9019,70.9406
TTHA0980,156.201,147.981,256.609
TTHA0982,318.928,278.86,394.858
TTHA0983,248.98,218.02,249.192
TTHA0984,152.51,144.135,214.426
TTHA0985,164.551,145.431,166.077
TTHA0988,74.5861,60.6274,71.9086
TTHA0992,77.485,39.9354,74.4849
TTHA0996,205.843,181.001,257.21
TTHA0998,61.5651,45.9941,81.9139
TTHA0999,35.0788,25.9545,40.0325
TTHA1000,36.8931,40.5068,43.6549
TTHA1001,77.857,60.0101,65.3945
TTHA1013,494.459,422.115,701.415
TTHA1014,442.154,415.726,590.22
TTHA1015,258.517,289.787,454.551
TTHA1016,543.648,501.182,698.028
TTHA1017,420.595,410.417,643.856
TTHA1020,181.735,131.667,183.427
TTHA1029,321.958,295.117,475.652
TTHA1031,6015.4,5197.78,6954.52
TTHA1032,408.708,271.328,425.707
TTHA1033,208.193,162.256,228.021
TTHA1034,255.37,208.804,275.27
TTHA1034,265.131,233.674,298.693
TTHA1035,3425.59,2906.86,4291.11
TTHA1036,1681.7,1504.35,2168.02
TTHA1037,795.004,815.261,1229.24
TTHA1038,624.179,664.833,871.955
TTHA1039,618.178,512.233,713.268
TTHA1040,202.835,195.421,227.277
TTHA1041,594.937,454.458,715.136
TTHA1042,492.783,455.54,657.12
TTHA1043,214.011,188.595,270.805
TTHA1044,375.039,241.409,407.845
TTHA1045,492.401,370.403,545.295
TTHA1046,551.102,526.391,789.078
TTHA1047,939.98,807.879,1214.82
TTHA1047,874.86,768.158,1077.16
TTHA1048,1092.34,940.744,1182.44
TTHA1049,551.317,488.531,712.998
TTHA1055,88.4741,53.6758,98.4399
TTHA1059,86.7568,93.9958,123.009
TTHA1060,319.305,247.269,387.206
TTHA1061,57.6209,66.1938,83.5814
TTHA1062,235.076,221.351,333.56
TTHA1063,53.6126,73.6285,90.9702
TTHA1064,467.742,350.228,552.559
TTHA1065,587.016,538.516,753.211
TTHA1066,407.832,425.9,650.695
TTHA1071,79.97,62.6488,105.91
TTHA1072,184.276,216.376,306.144
TTHA1073,3009.37,2406.45,3262.36
TTHA1074,805.235,642.865,1186.71
TTHA1091,157.798,121.035,179.829
TTHA1093,360.508,359.908,584.557
TTHA1094,760.21,700.771,898.185
TTHA1095,1271.53,1133.59,1597.14
TTHA1097,170.461,160.94,227.897
TTHA1100,72.2448,112.057,167.885
TTHA1101,344.988,302.024,431.599
TTHA1102,208.808,250.137,311.115
TTHA1103,207.957,199.848,257.573
TTHA1105,251.667,221.827,254.055
TTHA1105,205.414,152.481,198.438
TTHA1106,189.415,119.969,192.701
TTHA1111,1421.58,1271.3,1799.18
TTHA1113,421.219,338.186,419.236
TTHA1117,710.45,545.921,894.089
TTHA1119,384.181,347.602,465.69
TTHA1120,781.43,541.471,776.058
TTHA1121,640.898,522.4,669.821
TTHA1122,872.139,677.36,999.225
TTHA1123,901.656,818.304,1173.37
TTHA1124,601.172,628.982,928.264
TTHA1125,832.994,801.107,1212.08
TTHA1126,363.302,297.449,446.971
TTHA1128,229.894,194.361,287.839
TTHA1129,334.406,291.897,440.25
TTHA1130,280.972,214.423,323.306
TTHA1141,448.139,559.221,863.535
TTHA1142,157.94,86.9995,162.779
TTHA1142,154.118,99.1685,186.928
TTHA1143,305.732,254.362,354.076
TTHA1147,424.626,420.269,607.594
TTHA1150,122.812,107.136,167.84
TTHA1151,72.6666,56.8684,112.685
TTHA1153,145.59,96.2331,143.445
TTHA1154,100.122,74.0812,123.805
TTHA1155,87.5657,98.0618,139.957
TTHA1156,111.655,107.963,162.414
TTHA1161,211.057,204.378,320.948
TTHA1162,98.8879,110.989,215.058
TTHA1163,55.8053,69.58,110.524
TTHA1169,623.887,573.932,809.097
TTHA1170,581.688,512.5,795.612
TTHA1171,1826.6,1688.37,2188.14
TTHA1172,688.703,663.028,902.826
TTHA1173,213.713,237.298,311.446
TTHA1174,272.358,273.839,343.476
TTHA1175,458.994,478.477,660.953
TTHA1176,427.45,388.744,498.958
TTHA1177,117.709,111.087,171.517
TTHA1178,105.634,86.2769,119.579
TTHA1179,149.892,155.815,127.278
TTHA1179,90.5788,94.4527,156.711
TTHA1180,191.979,112.984,209.551
TTHA1181,93.0972,72.3507,86.2597
TTHA1182,181.441,146.906,218.026
TTHA1183,396.158,331.916,474.657
TTHA1184,2794.05,2412.49,2920.53
TTHA1185,258.474,302.819,444.067
TTHA1193,814.249,671.839,1040.39
TTHA1194,824.083,744.461,1143.49
TTHA1195,321.112,196.867,283.108
TTHA1196,185.409,175.884,252.009
TTHA1197,224.48,163.713,258.423
TTHA1198,308.721,240.452,386.271
TTHA1199,408.627,349.523,489.526
TTHA1200,496.929,420.151,630.14
TTHA1201,688.462,626.198,997.359
TTHA1202,665.993,557.214,741.169
TTHA1203,463.893,345.806,614.561
TTHA1204,318.273,298.553,492.991
TTHA1208,469.359,399.911,587.942
TTHA1209,263.222,224.818,340.072
TTHA1210,542.978,502.074,732.213
TTHA1211,981.436,938.88,1395.27
TTHA1212,391.855,441.792,715.229
TTHA1213,1046.79,944.324,1566.72
TTHA1215,243.205,158.964,267.809
TTHA1225,427.128,399.446,668.777
TTHA1226,215.542,205.324,284.927
TTHA1227,1175.06,1114.39,1552.69
TTHA1235,358.011,272.741,389.533
TTHA1236,727.483,603.775,973.802
TTHA1237,1714.23,1460.83,2146.7
TTHA1238,823.889,710.162,1091.29
TTHA1239,662.945,552.801,888.802
TTHA1240,786.562,698.5,1054.97
TTHA1241,533.532,394.792,615.95
TTHA1242,472.653,426.032,618.187
TTHA1243,563.202,486.636,675.866
TTHA1244,478.859,469.468,726.087
TTHA1248,159.35,162.087,238.582
TTHA1251,1803.35,1564.36,2201.98
TTHA1252,184.402,92.3376,170.128
TTHA1256,280.458,313.3,423.219
TTHA1261,494.773,511.447,715.664
TTHA1262,743.592,821.647,1163.02
TTHA1263,926.617,794.821,1065.09
TTHA1264,529.618,498.073,694.466
TTHA1265,245.598,232.901,311.422
TTHA1268,69.2716,73.2479,108.419
TTHA1270,299.881,274.601,385.397
TTHA1271,2134.73,1967.91,2623.23
TTHA1272,4892.28,4476.62,5749.4
TTHA1273,2883.48,2728.61,3671.67
TTHA1274,1464.82,1652.23,2115.26
TTHA1274,1167.25,1301.23,1705.19
TTHA1275,759.427,789.113,953.443
TTHA1276,2431.22,2332.07,3133.01
TTHA1277,3873.57,3742.82,5077.9
TTHA1278,2315.9,2324.25,2800.59
TTHA1279,2050.21,1896.16,2703.7
TTHA1286,349.492,275.036,521.439
TTHA1287,604.338,522.589,762.003
TTHA1288,48.2113,45.4716,60.5364
TTHA1289,126.935,118.032,127.176
TTHA1289,126.868,90.9562,180.888
TTHA1290,69.9281,61.0933,83.6943
TTHA1293,340.229,317.781,533.855
TTHA1294,1634.15,1503.51,2223.05
TTHA1295,234.555,194.106,337.858
TTHA1297,1450.39,1192.66,1835.16
TTHA1298,872.614,785.644,1127.93
TTHA1299,1072.46,1072.45,1331.19
TTHA1300,1243.92,1102.12,1641.51
TTHA1301,1488.37,1504.64,2111.05
TTHA1302,268.856,241.34,371.039
TTHA1303,262.946,240.166,336.539
TTHA1304,609.448,538.953,711.914
TTHA1305,268.16,245.209,318.391
TTHA1306,36.9434,39.7558,49.7692
TTHA1307,91.7702,88.837,131.857
TTHA1308,883.06,805.303,1241.61
TTHA1310,158.162,124.306,178.798
TTHA1315,333.11,320.52,459.701
TTHA1319,93.1186,93.6833,105.798
TTHA1320,989.648,894.836,1176.92
TTHA1321,270.805,212.282,293.517
TTHA1323,236.457,227.982,318.946
TTHA1324,314.68,305.421,480.949
TTHA1328,1668.71,1578.94,2224.13
TTHA1340,241.62,219.311,329.377
TTHA1341,690.881,670.552,971.629
TTHA1342,1085.92,1019.06,1358.39
TTHA1343,1803.49,1594.33,2288.7
TTHA1344,276.205,213.44,363.203
TTHA1345,287.456,217.427,277.242
TTHA1350,433.155,327.757,510.777
TTHA1351,294.225,243.488,315.336
TTHA1352,739.992,594.87,992.301
TTHA1364,363.562,328.126,564.116
TTHA1368,624.776,525.775,696.54
TTHA1369,144.423,109.965,183.509
TTHA1372,376.963,432.843,612.429
TTHA1375,77.8222,74.4044,139.205
TTHA1387,177.742,167.567,255.296
TTHA1389,119.675,114.024,204.435
TTHA1390,115.822,98.5638,191.732
TTHA1392,88.1161,88.1328,123.923
TTHA1397,5853.63,5264.91,6772.16
TTHA1398,177.905,202.061,307.28
TTHA1400,239.877,218.433,245.384
TTHA1401,359.683,301.115,476.193
TTHA1402,273.506,252.459,367.605
TTHA1403,367.026,254.558,432.448
TTHA1404,617.927,563.077,838.924
TTHA1405,795.261,890.101,1268.87
TTHA1406,1142.23,1091.8,1840.03
TTHA1407,846.714,1001.44,1450.01
TTHA1408,1026.4,1084.8,1330.05
TTHA1409,247.81,201.748,315.596
TTHA1410,23.324,22.4792,25.9165
TTHA1411,23.0089,18.0438,12.0196
TTHA1412,42.225,31.7738,59.3034
TTHA1413,52.0229,19.9861,52.8025
TTHA1414,11.0674,8.37796,13.4524
TTHA1415,23.8453,16.2811,33.5798
TTHA1416,15.5001,8.68825,20.9621
TTHA1417,18.1411,10.6411,17.5618
TTHA1418,24.5138,9.11623,22.1784
TTHA1419,28.7782,23.5219,31.3733
TTHA1420,47.5593,44.7251,47.0945
TTHA1421,65.35,43.5507,62.1263
TTHA1422,38.4696,27.0735,59.6927
TTHA1426,253.356,182.836,271.468
TTHA1427,482.882,434.346,621.761
TTHA1433,1439.54,1144.63,1804.93
TTHA1434,992.607,908.568,1238.81
TTHA1435,382.918,358.935,461.284
TTHA1436,401.435,379.189,483.817
TTHA1439,203.107,178.915,267.219
TTHA1441,165.952,164.812,269.571
TTHA1442,514.849,497.329,800.829
TTHA1453,1071.02,1035.9,1650.74
TTHA1454,1150.15,1149.17,1709.78
TTHA1455,877.053,834.099,1411.49
TTHA1456,1115.3,1139.93,1828.78
TTHA1461,847.15,847.595,1138.56
TTHA1462,357.349,380.16,461.619
TTHA1464,4727.76,4451.91,5454.88
TTHA1465,3258.4,2889.18,4213.53
TTHA1467,271.887,229.626,383.144
TTHA1470,287.13,241.613,379.8
TTHA1472,910.951,787.986,1247.45
TTHA1473,513.433,477.887,760.507
TTHA1474,339.228,318.116,437.488
TTHA1475,1470.43,1404.83,2164.83
TTHA1476,275.729,291.759,354.207
TTHA1477,388.997,348.162,536.561
TTHA1478,509.195,441.512,695.098
TTHA1479,1230.52,1131.83,1699.2
TTHA1480,561.401,605.838,857.526
TTHA1481,985.998,944.665,1342.89
TTHA1482,3195.19,2803.33,3866.26
TTHA1483,2235.66,2020.37,2911.14
TTHA1484,1533.71,1337.18,1823.87
TTHA1485,1096.83,1073.66,1412.78
TTHA1486,1559.62,1657.65,2171.78
TTHA1487,1010.03,1068.26,1521.64
TTHA1488,166.789,154.607,253.344
TTHA1489,289.664,258.725,391.878
TTHA1490,338.861,320.463,510.755
TTHA1491,537.345,644.859,788.549
TTHA1493,192.367,205.303,315.064
TTHA1496,551.116,493.605,865.049
TTHA1497,438.583,375.517,517.741
TTHA1497,373.554,379.133,514.195
TTHA1504,282.446,196.293,261.519
TTHA1504,288.13,226.863,307.001
TTHA1505,420.168,474.097,902.877
TTHA1506,717.14,602.104,984.668
TTHA1507,111.223,91.0464,160.541
TTHA1508,449.765,442.069,675.146
TTHA1509,64.7681,57.2419,96.1087
TTHA1512,528.098,545.076,821.196
TTHA1514,540.054,433.267,698.389
TTHA1521,258.757,185.425,288.332
TTHA1522,206.387,156.981,217.475
TTHA1527,139.256,115.979,174.057
TTHA1528,1518.09,1360.47,2157.72
TTHA1529,248.459,231.758,346.236
TTHA1531,525.61,366.694,557.498
TTHA1532,254.336,199.866,335.282
TTHA1535,3140.98,2882.17,4120.23
TTHA1537,91.8965,87.4233,117.272
TTHA1540,85.3305,62.5052,91.3127
TTHA1543,1678.84,1536.42,2397.33
TTHA1544,48.8073,49.1118,79.7813
TTHA1545,144.139,140.118,177.186
TTHA1545,136.48,116.136,210.818
TTHA1547,183.515,135.254,230.196
TTHA1549,129.8,134.149,194.541
TTHA1550,83.7648,55.2972,91.1298
TTHA1551,161.7,155.475,224.039
TTHA1558,165.025,191.316,319.372
TTHA1559,906.247,867.208,1176.08
TTHA1560,789.552,829.108,1077.5
TTHA1561,946.545,966.703,1370.57
TTHA1562,968.093,967.894,1457.39
TTHA1564,67.7417,59.695,63.9833
TTHA1565,175.163,126.404,211.266
TTHA1566,94.3795,99.663,121.071
TTHA1567,70.4377,55.1335,54.9451
TTHA1568,489.912,343.924,483.175
TTHA1569,347.942,278.355,417.121
TTHA1570,4878.41,4433.3,5841.38
TTHA1571,248.032,190.611,264.679
TTHA1572,327.293,323.079,508.8
TTHA1573,466.773,404.087,553.486
TTHA1574,422.605,292.241,402.385
TTHA1575,225.479,170.359,201.179
TTHA1576,766.447,705.829,974.711
TTHA1577,671.291,628.159,930.778
TTHA1578,336.025,280.456,443.397
TTHA1579,247.545,248.962,400.24
TTHA1580,279.857,266.044,362.936
TTHA1581,891.192,808.549,1103.09
TTHA1585,134.145,111.812,220.414
TTHA1587,1096.8,938.818,1449.96
TTHA1588,476.142,427.734,699.108
TTHA1589,2403.68,2170.48,3217.51
TTHA1590,100.184,99.5695,120.943
TTHA1591,126.589,135.544,179.514
TTHA1592,78.819,56.6412,79.8735
TTHA1593,417.644,285.477,415.776
TTHA1594,789.372,627.843,896.175
TTHA1595,423.195,360.608,533.21
TTHA1598,530.896,476.897,702.649
TTHA1605,661.504,583.847,907.014
TTHA1610,1133.31,1167.74,1701.62
TTHA1613,623.436,585.677,864.499
TTHA1614,1115.02,1045.36,1639.13
TTHA1617,530.325,536.855,857.706
TTHA1618,574.366,526.37,793.739
TTHA1621,228.654,197.35,279.352
TTHA1625,712.77,665.16,1057.98
TTHA1626,1268.74,1372.84,1808.54
TTHA1632,1279.58,1147.79,1675.96
TTHA1633,1533.19,1381.57,2050.46
TTHA1634,4626.42,3905.78,6010.11
TTHA1635,798.824,759.065,1203.12
TTHA1642,2489.38,2234.57,3233.1
TTHA1645,214.14,192.717,329.498
TTHA1646,303.569,301.233,408.664
TTHA1647,387.321,409.264,522.34
TTHA1648,1560.56,1658.59,2029.78
TTHA1649,384.881,348.924,460.13
TTHA1650,325.312,318.66,471.722
TTHA1651,397.202,422.563,700.25
TTHA1652,4530.35,4323.73,6095.62
TTHA1653,712.832,617.614,1015.62
TTHA1654,1123.77,1036.62,1486.93
TTHA1655,610.915,581.277,905.705
TTHA1656,1311.74,1237.82,1704.72
TTHA1657,796.128,723.56,958.635
TTHA1658,435.08,334.669,512.805
TTHA1659,351.35,324.474,516.627
TTHA1661,135.642,131.058,177.957
TTHA1663,1726.98,1476.34,1976.75
TTHA1664,3150.96,2806.94,3662.99
TTHA1665,2443.02,2196.48,2867.74
TTHA1666,2225.86,2019.78,2730.26
TTHA1667,2246.19,2061.91,2828.12
TTHA1669,1878.79,1787.83,2465.38
TTHA1670,1493.83,1305.53,1902.91
TTHA1671,830.669,742.891,1054.94
TTHA1672,2326.51,2244.67,2946.54
TTHA1673,1619.26,1421.3,2059.66
TTHA1674,2468.98,2192.95,2981.0
TTHA1675,1288.26,1271.89,1684.34
TTHA1676,1727.44,1669.58,2135.74
TTHA1677,1635.33,1556.07,2076.56
TTHA1678,1482.28,1307.37,1799.26
TTHA1679,1698.86,1493.81,2066.93
TTHA1680,1486.36,1451.13,2013.41
TTHA1681,2043.53,1907.22,2557.3
TTHA1682,1920.24,1921.36,2580.97
TTHA1683,2709.0,2497.45,3374.2
TTHA1685,2007.87,1843.47,2475.2
TTHA1686,2005.35,1651.93,2337.57
TTHA1687,2489.62,2320.25,2958.3
TTHA1688,1190.54,1151.19,1764.96
TTHA1689,2268.73,2130.18,2758.84
TTHA1690,1129.35,1095.39,1568.96
TTHA1691,1225.75,1031.22,1416.87
TTHA1692,2276.53,2043.55,2611.39
TTHA1693,2939.84,2521.92,3316.01
TTHA1695,2672.42,2605.88,3546.3
TTHA1696,3126.26,3022.99,4096.4
TTHA1697,3342.44,3257.93,4169.46
TTHA1703,921.245,836.383,1317.28
TTHA1704,365.919,360.213,510.583
TTHA1707,118.398,98.3375,137.62
TTHA1708,335.939,271.414,427.208
TTHA1709,76.5939,35.0948,57.4233
TTHA1714,779.024,760.977,1122.36
TTHA1729,51.0611,30.1449,52.9796
TTHA1739,270.357,243.3,390.423
TTHA1740,241.129,178.237,260.043
TTHA1741,208.226,182.104,321.906
TTHA1742,271.945,226.155,391.629
TTHA1743,194.544,159.685,245.33
TTHA1746,442.459,372.564,544.92
TTHA1747,2097.74,2186.41,2896.25
TTHA1748,5021.81,4708.5,6386.55
TTHA1749,119.217,125.597,149.897
TTHA1750,108.404,71.2131,132.079
TTHA1751,107.086,63.381,115.283
TTHA1752,39.9284,50.3561,52.8887
TTHA1753,41.4814,30.0089,58.3947
TTHA1754,63.7531,58.0582,87.6216
TTHA1759,71.6373,55.4997,94.2846
TTHA1760,42.9502,27.7909,40.1117
TTHA1761,30.4951,27.9242,35.5697
TTHA1762,49.6429,37.8633,56.3997
TTHA1763,60.6494,41.031,62.0757
TTHA1764,7.67859,30.3436,26.756
TTHA1765,90.3279,84.6257,126.655
TTHA1766,684.583,549.151,804.006
TTHA1767,539.81,413.759,575.94
TTHA1768,818.823,758.845,1176.53
TTHA1769,927.38,816.365,1202.2
TTHA1770,280.197,203.334,360.599
TTHA1771,127.043,102.717,163.409
TTHA1773,1224.55,1051.37,1765.06
TTHA1774,1998.7,1896.23,2699.08
TTHA1775,402.4,417.408,602.482
TTHA1777,976.603,876.061,1476.96
TTHA1778,713.003,549.111,692.386
TTHA1779,1035.46,822.467,1149.37
TTHA1780,908.748,843.388,1139.0
TTHA1781,1307.94,1328.31,1838.77
TTHA1783,4186.46,4211.76,5398.99
TTHA1784,1329.36,1068.52,2091.05
TTHA1788,260.608,187.835,309.457
TTHA1789,397.727,296.103,387.899
TTHA1790,148.849,141.771,221.829
TTHA1793,495.082,341.717,511.457
TTHA1798,198.884,142.846,219.69
TTHA1799,131.703,123.634,172.571
TTHA1807,108.132,95.4279,124.406
TTHA1808,883.964,807.94,1152.87
TTHA1809,528.721,606.052,857.752
TTHA1810,126.447,131.526,197.873
TTHA1810,131.169,142.53,226.829
TTHA1811,671.54,625.642,918.126
TTHA1812,1194.08,1038.54,1346.56
TTHA1813,1863.19,1764.81,2336.55
TTHA1814,478.482,414.58,550.434
TTHA1815,981.365,955.699,1383.45
TTHA1816,785.017,647.706,1073.97
TTHA1817,739.843,640.579,907.737
TTHA1818,476.581,400.54,589.856
TTHA1819,906.413,819.505,1327.36
TTHA1820,257.511,216.621,306.512
TTHA1821,346.419,337.494,516.226
TTHA1824,229.792,229.664,309.925
TTHA1825,216.323,176.371,340.427
TTHA1825,198.169,167.156,277.778
TTHA1828,304.953,255.554,365.051
TTHA1829,680.924,632.967,840.932
TTHA1830,407.764,387.077,534.545
TTHA1831,417.304,331.826,523.345
TTHA1842,82.5541,74.769,98.0166
TTHA1843,93.6218,103.253,161.832
TTHA1844,42.6022,65.9411,122.933
TTHA1846,100.753,97.2357,117.193
TTHA1854,591.217,466.421,641.093
TTHA1857,59.706,53.6851,86.161
TTHA1858,177.736,168.269,282.733
TTHA1859,295.844,252.344,410.113
TTHA1860,99.4169,94.1762,185.829
TTHA1861,465.094,416.234,588.632
TTHA1865,200.747,172.667,311.366
TTHA1866,357.829,241.755,501.654
TTHA1868,186.384,185.031,204.12
TTHA1869,551.977,471.809,769.111
TTHA1870,813.628,741.61,1156.07
TTHA1871,1371.0,1401.39,2354.1
TTHA1873,6519.49,5906.26,7705.8
TTHA1874,8009.12,7287.37,9193.59
TTHA1878,1020.66,661.069,1023.89
TTHA1879,212.267,164.237,240.451
TTHA1880,196.63,153.855,275.145
TTHA1881,115.631,119.318,180.837
TTHA1883,282.821,243.134,327.877
TTHA1885,440.806,398.309,515.904
TTHA1886,1807.27,1785.11,2175.11
TTHA1890,234.6,204.501,299.657
TTHA1892,596.138,616.12,1060.22
TTHA1893,6995.32,6236.94,8206.81
TTHA1898,209.229,198.243,252.208
TTHA1899,906.637,743.707,1018.59
TTHA1900,555.174,510.664,771.874
TTHA1901,488.04,407.305,411.769
TTHA1902,596.989,570.471,846.147
TTHA1903,225.993,205.512,359.52
TTHA1904,363.421,318.002,375.308
TTHA1905,377.133,368.265,551.039
TTHA1906,169.26,184.137,267.393
TTHA1907,540.111,471.695,706.631
TTHA1908,1151.29,905.074,1489.21
TTHA1909,1647.93,1610.32,2162.42
TTHA1910,492.388,445.307,576.051
TTHA1911,249.526,185.225,268.629
TTHA1914,452.109,426.614,621.906
TTHA1915,461.106,438.191,792.341
TTHA1916,543.626,464.441,617.247
TTHA1917,298.356,250.646,421.253
TTHA1918,123.257,75.7006,142.483
TTHA1918,52.233,68.3567,60.7348
TTHA1919,122.242,70.8232,82.8386
TTHA1920,457.317,507.006,809.997
TTHA1923,293.682,242.013,402.338
TTHA1924,655.445,535.679,869.325
TTHA1926,476.905,451.462,709.9
TTHA1930,2655.2,2391.27,3434.5
TTHA1931,2442.77,2286.99,3107.04
TTHA1932,2708.18,2499.98,3575.45
TTHA1933,3489.58,3288.06,3965.26
TTHA1934,473.512,376.437,547.089
TTHA1935,527.05,506.417,749.263
TTHA1936,507.618,460.084,697.632
TTHA1938,756.152,651.602,872.034
TTHA1939,242.437,214.011,343.413
TTHA1939,337.678,298.601,367.536
TTHA1940,785.374,734.63,1048.34
TTHA1942,2170.78,2167.15,3351.89
TTHA1943,1671.36,1533.46,2369.0
TTHA1950,326.0,274.007,336.494
TTHA1951,193.732,148.048,262.335
TTHA1957,70.174,55.4471,79.485
TTHA1962,444.433,328.567,503.774
TTHA1963,371.273,327.23,531.244
TTHA1964,750.106,703.389,1018.71
TTHA1965,997.535,783.878,1242.55
TTHA1969,224.52,192.524,284.932
TTHA1970,1022.81,829.622,1071.51
TTHA1971,200.931,176.55,269.309
TTHA1972,294.158,303.692,305.563
TTHA0004,266.756,213.759,326.057
TTHA0005,375.173,381.616,512.679
TTHA0006,846.218,727.614,1012.43
TTHA0007,426.627,418.96,661.96
TTHA0008,290.407,345.476,563.325
TTHA0012,111.38,99.1087,156.037
TTHA0017,359.435,279.643,451.665
TTHA0018,169.577,124.951,227.0
TTHA0019,103.495,85.2489,117.545
TTHA0020,153.209,152.238,193.847
TTHA0021,99.9491,92.0084,121.69
TTHA0022,165.457,160.349,238.404
TTHA0024,37.2989,50.8065,71.3294
TTHA0041,385.621,304.921,385.642
TTHA0042,1995.68,1577.0,2236.38
TTHA0044,235.024,216.903,288.795
TTHA0045,551.512,453.847,694.257
TTHA0046,579.749,557.76,797.227
TTHA0049,164.489,142.392,212.922
TTHA0052,190.927,151.159,304.621
TTHA0054,149.828,103.314,191.383
TTHA0055,129.044,118.253,188.602
TTHA0061,196.837,155.775,225.876
TTHA0061,180.071,151.508,220.023
TTHA0062,92.9534,74.7644,88.4212
TTHA0063,66.2902,65.6754,82.0022
TTHA0067,205.626,216.697,318.905
TTHA0073,109.531,88.2256,96.2907
TTHA0074,233.212,201.152,316.258
TTHA0078,103.842,79.796,116.589
TTHA0079,655.276,588.357,900.56
TTHA0080,824.879,822.812,1186.36
TTHA0101,446.723,421.318,636.181
TTHA0102,89.4735,82.5779,102.06
TTHA0103,71.2635,56.526,93.1154
TTHA0104,90.2861,80.0195,149.518
TTHA0106,2661.89,2690.96,3594.94
TTHA0107,368.321,280.947,471.426
TTHA0108,617.036,532.174,796.171
TTHA0109,1551.06,1149.21,1830.73
TTHA0110,378.367,353.978,488.376
TTHA0111,396.532,265.645,377.467
TTHA0112,874.825,811.953,1079.87
TTHA0114,167.343,140.6,214.122
TTHA0115,1434.13,1378.16,2109.73
TTHA0118,621.37,578.511,822.431
TTHA0119,1548.08,1442.4,2193.54
TTHA0120,1764.18,1767.45,2329.28
TTHA0122,6193.68,5456.13,7230.67
TTHA0127,399.12,309.079,432.261
TTHA0128,482.731,474.53,631.343
TTHA0129,442.451,321.272,512.671
TTHA0130,1548.95,1556.15,2347.93
TTHA0132,223.941,173.926,252.553
TTHA0136,499.676,489.171,739.068
TTHA0137,734.058,647.513,967.985
TTHA0138,489.708,449.803,706.993
TTHA0141,47.9009,48.8898,73.6118
TTHA0143,835.318,700.876,1037.0
TTHA0144,112.789,76.8167,120.756
TTHA0145,152.448,169.406,155.72
TTHA0145,213.265,198.106,214.184
TTHA0146,161.593,135.251,208.818
TTHA0149,23.4785,41.1578,33.248
TTHA0149,41.542,5.85469,26.8693
TTHA0150,162.497,144.279,210.75
TTHA0151,220.062,234.971,336.138
TTHA0152,650.593,726.5,1042.01
TTHA0153,245.481,193.024,334.724
TTHA0157,52.9087,39.6112,59.3028
TTHA0161,580.446,559.644,781.777
TTHA0162,3561.46,3131.49,4324.89
TTHA0164,722.133,706.242,1177.52
TTHA0165,272.811,238.881,284.498
TTHA0166,95.6995,100.168,98.4862
TTHA0169,232.252,249.356,348.421
TTHA0170,258.897,247.849,337.454
TTHA0171,625.796,536.617,753.122
TTHA0173,287.3,260.943,361.367
TTHA0177,4118.5,3927.9,4905.35
TTHA0178,773.062,657.262,914.81
TTHA0178,752.526,696.996,899.64
TTHA0179,119.171,145.304,185.575
TTHA0180,666.139,582.649,831.337
TTHA0184,790.123,728.444,1026.25
TTHA0185,799.835,673.017,1032.71
TTHA0189,3645.28,2775.77,4272.8
TTHA0190,197.676,255.782,356.008
TTHA0191,217.345,191.186,225.639
TTHA0196,747.737,707.917,1127.67
TTHA0197,566.493,583.799,809.68
TTHA0198,452.556,387.813,514.522
TTHA0201,26.4718,33.757,33.2268
TTHA0203,147.624,127.729,205.06
TTHA0204,105.588,83.4536,111.948
TTHA0205,228.54,201.558,295.836
TTHA0211,360.91,305.412,479.272
TTHA0212,1058.04,838.156,1238.78
TTHA0213,59.3204,68.7621,107.58
TTHA0214,349.851,291.771,382.344
TTHA0215,186.942,185.368,241.893
TTHA0216,605.639,566.908,819.089
TTHA0217,684.076,528.462,854.264
TTHA0223,82.881,87.7017,130.976
TTHA0227,49.4382,68.0334,100.563
TTHA0227,115.087,83.7405,139.287
TTHA0228,155.319,133.666,231.94
TTHA0235,118.05,95.8787,128.902
TTHA0236,185.771,136.969,211.743
TTHA0237,271.261,224.132,368.357
TTHA0238,439.816,456.039,665.429
TTHA0239,728.428,705.561,1080.57
TTHA0240,641.093,615.339,907.532
TTHA0241,143.06,138.126,183.539
TTHA0242,4111.37,3293.66,4599.05
TTHA0243,5501.3,4842.91,6499.88
TTHA0244,4799.74,4311.32,5634.19
TTHA0245,6094.62,5563.97,6965.46
TTHA0246,3095.83,2891.41,3736.15
TTHA0247,2926.65,2764.58,3681.84
TTHA0248,1954.98,1816.04,2418.04
TTHA0249,2695.71,2461.06,3324.19
TTHA0250,3527.99,3241.35,4106.49
TTHA0253,524.052,551.473,811.499
TTHA0254,915.717,862.985,1244.5
TTHA0256,444.342,315.566,567.243
TTHA0267,415.853,389.135,550.907
TTHA0268,219.894,274.931,339.404
TTHA0269,245.903,158.625,238.784
TTHA0271,4984.11,4994.88,6512.49
TTHA0272,4322.3,4105.3,5234.49
TTHA0275,181.65,170.16,222.757
TTHA0276,108.423,102.775,131.973
TTHA0280,994.597,957.565,1420.17
TTHA0281,539.87,504.835,799.757
TTHA0282,179.112,181.866,232.846
TTHA0283,130.415,157.028,193.068
TTHA0284,135.696,140.349,206.111
TTHA0287,783.471,720.047,938.791
TTHA0288,1305.67,1170.89,1606.54
TTHA0289,1017.82,910.694,1229.23
TTHA0292,85.4389,79.9185,119.222
TTHA0293,102.574,107.568,153.525
TTHA0294,251.229,274.451,387.107
TTHA0295,373.892,349.868,523.015
TTHA0303,477.647,400.221,536.161
TTHA0309,108.419,86.4053,132.752
TTHA0314,177.602,125.542,276.546
TTHA0317,268.699,267.615,419.108
TTHA0318,415.814,363.267,493.896
TTHA0319,336.894,265.767,366.318
TTHA0320,221.241,206.791,299.062
TTHA0321,911.941,793.087,1316.06
TTHA0322,241.544,186.235,238.118
TTHA0323,275.704,288.045,369.168
TTHA0324,663.047,611.725,985.749
TTHA0326,117.566,119.785,192.348
TTHA0327,110.476,78.4731,120.978
TTHA0332,891.182,835.398,1239.98
TTHA0332,808.828,791.59,1148.35
TTHA0333,507.9,510.426,781.091
TTHA0334,368.83,330.82,552.506
TTHA0335,539.312,516.023,824.917
TTHA0337,2383.51,2316.31,3218.0
TTHA0338,126.894,188.63,190.636
TTHA0339,130.009,117.333,168.344
TTHA0343,227.676,232.982,418.97
TTHA0344,627.42,587.821,884.617
TTHA0345,958.625,843.834,1141.57
TTHA0346,7210.12,6223.27,7575.87
TTHA0349,308.58,283.376,376.674
TTHA0350,233.152,256.401,357.737
TTHA0351,292.173,250.455,438.164
TTHA0354,571.639,568.252,840.886
TTHA0355,415.777,458.594,741.956
TTHA0356,859.757,798.006,1181.54
TTHB001,101.135,83.8942,94.1368
TTHB002,576.707,531.282,787.325
TTHB006,161.443,199.439,284.921
TTHB007,265.49,247.298,284.879
TTHB010,492.895,436.511,643.896
TTHB010,525.78,508.072,588.491
TTHB010,504.864,420.921,578.247
TTHB011,438.411,333.019,493.773
TTHB011,543.976,456.095,622.528
TTHB011,406.424,326.744,485.163
TTHB012,159.753,108.489,204.111
TTHB013,101.857,66.8687,107.796
TTHB014,47.1749,33.6819,57.2987
TTHB015,92.4349,59.2392,114.351
TTHB016,155.073,89.0736,147.291
TTHB017,586.42,416.066,645.071
TTHB017,409.654,366.263,467.506
TTHB018,367.651,224.183,388.779
TTHB019,343.45,221.266,397.804
TTHB020,217.308,207.113,350.44
TTHB021,251.978,229.313,313.64
TTHB022,425.4,437.302,574.378
TTHB023,1437.65,1296.28,1989.96
TTHB025,178.55,146.954,263.773
TTHB027,300.887,258.087,480.238
TTHB028,247.84,172.807,266.191
TTHB037,48.7208,42.8981,59.0116
TTHB043,129.11,84.4229,130.696
TTHB044,362.793,254.217,407.483
TTHB045,400.325,409.288,585.418
TTHB046,194.496,205.796,308.052
TTHB047,331.84,281.256,440.017
TTHB048,163.216,147.41,233.969
TTHB067,130.193,130.704,159.309
TTHB068,50.8991,43.1719,47.1823
TTHB070,72.9152,92.9214,128.049
TTHB071,51.1005,33.2533,59.1571
TTHB073,38.7562,30.8019,42.8468
TTHB088,75.8215,106.813,132.144
TTHB092,28.531,7.84441,16.0062
TTHB097,501.868,519.392,680.307
TTHB097,387.115,433.819,703.165
TTHB098,399.357,296.859,365.814
TTHB099,500.096,400.705,560.012
TTHB100,1210.54,1038.71,1366.81
TTHB112,79.4112,61.2725,94.9691
TTHB113,139.615,130.412,183.64
TTHB114,68.1372,65.0171,97.3535
TTHB115,99.4259,125.235,157.452
TTHB116,46.0385,28.9501,61.1341
TTHB121,53.4623,23.8755,29.0943
TTHB123,74.2693,55.2502,99.397
TTHB124,41.3147,32.6084,49.4737
TTHB125,82.5885,73.3334,123.284
TTHB126,184.989,153.115,256.788
TTHB127,102.377,107.191,131.624
TTHB128,78.7063,53.7555,84.2004
TTHB133,121.871,150.623,172.575
TTHB134,108.141,91.8642,115.92
TTHB135,358.231,300.175,466.236
TTHB136,254.482,199.677,322.271
TTHB140,86.1516,65.3668,85.8948
TTHB141,177.774,165.524,238.95
TTHB146,16.8713,6.0047,14.1224
TTHB153,11.9927,2.94777,17.1316
TTHB153,17.622,14.5526,29.4371
TTHB156,86.9057,118.447,146.97
TTHB157,254.663,279.532,493.962
TTHB158,237.628,285.925,418.96
TTHB171,203.643,163.2,254.279
TTHB172,64.261,59.2984,78.9891
TTHB173,346.314,290.664,440.857
TTHB174,22.3089,28.4976,40.2594
TTHB175,47.8828,36.4774,48.6217
TTHB176,65.042,72.5254,99.2647
TTHB177,33.601,36.0731,80.908
TTHB178,59.7247,62.5433,74.624
TTHB184,78.6993,52.5753,75.6466
TTHB185,17.2938,24.7734,31.8262
TTHB195,219.235,185.616,247.843
TTHB196,31.5273,13.3175,28.4801
TTHB197,24.6814,15.3472,25.197
TTHB202,131.331,84.2647,104.445
TTHB203,28.669,32.6521,78.8361
TTHB204,86.2133,80.2039,122.727
TTHB205,10.489,0.37758,3.28453
TTHB210,159.363,129.926,164.619
TTHB215,6.68308,1.73215,7.1772
TTHB216,20.2341,21.4484,29.6534
TTHB217,56.2404,46.2642,45.2428
TTHB217,31.9736,46.9109,42.8635
TTHB217,43.1045,48.7432,39.2247
TTHB218,34.1138,25.4679,48.7963
TTHB219,46.3487,35.5552,33.0677
TTHB220,19.922,21.1428,28.4464
TTHB221,3.94273,1.95184,13.1239
TTHB222,4.24941,16.1037,33.1928
TTHB222,13.7333,16.3422,13.7522
TTHB223,45.6677,26.0337,27.6647
TTHB224,18.1704,23.593,15.9288
TTHB225,30.3987,8.33596,21.6745
TTHB233,286.091,195.192,310.533
TTHB234,745.267,617.833,899.979
TTHB235,220.124,176.523,335.344
TTHB237,36.8097,36.7737,42.5349
TTHB238,11.5581,59.2269,45.4491
TTHB238,8.99978,33.3975,48.2262
TTHB239,66.4446,53.7904,42.8074
TTHB240,238.505,191.021,275.135
TTHB241,64.2521,44.8933,79.5004
TTHB242,89.7984,43.319,96.4116
TTHB243,135.286,115.364,170.114
TTHB244,8.53903,4.73973,8.86727
TTHB245,6.12367,18.1284,38.1772
TTHB246,25.0272,23.6433,22.9058
TTHB247,31.674,31.4916,49.8853
TTHB248,30.312,36.4685,44.2306
TTHC002,2415.81,2296.71,3272.9
TTHC006,144.22,64.2158,112.368
